Sequencing_batch,Sequencing_batch_date,MaterialSampleID,Deployment_Year,OriginalSampleID,SequencingRunRepeat,ReplicateMaterialSampleID,Gene_COI,Gene_ITS,Gene_18S,Forward_Index_Name,Reverse_Index_Name,Forward_Tag,Reverse_Tag,Sample_type,Forward_Index_Type,Reverse_Index_Type,Raw_file_accession_number
2,September_2020,ARMS_SWC_Varberg1_20200213_20200603_MF100,2020,ARMS_SWC_Varberg1_200213-200603_MF100,first sequencing run,ARMS_SWC_Varberg1_20200213_20200603_MF100_r1,ERR4914145,ERR4914203,ERR4914087,S506,N707,NA,NA,Sample,Nextera,Nextera,ERR12645755
2,September_2020,ARMS_SWC_Varberg1_20200213_20200603_MF500,2020,ARMS_SWC_Varberg1_200213-200603_MF500,first sequencing run,ARMS_SWC_Varberg1_20200213_20200603_MF500_r1,ERR4914146,ERR4914204,ERR4914088,S507,N710,NA,NA,Sample,Nextera,Nextera,ERR12645756
2,September_2020,ARMS_SWC_Varberg1_20200213_20200603_SF40,2020,ARMS_SWC_Varberg1_200213-200603_SF40,first sequencing run,ARMS_SWC_Varberg1_20200213_20200603_SF40_r1,ERR4914147,ERR4914205,ERR4914089,S508,N711,NA,NA,Sample,Nextera,Nextera,ERR12645757
2,September_2020,ARMS_SWC_Gbg1_20200206_20200520_MF100,2020,ARMS_SWC_Gbg1_200206-200520_MF100,first sequencing run,ARMS_SWC_Gbg1_20200206_20200520_MF100_r1,ERR4914115,none,ERR4914057,S510,N712,NA,NA,Sample,Nextera,Nextera,ERR12645758
2,September_2020,ARMS_SWC_Gbg1_20200206_20200520_MF500,2020,ARMS_SWC_Gbg1_200206-200520_MF500,first sequencing run,ARMS_SWC_Gbg1_20200206_20200520_MF500_r1,ERR4914116,ERR4914174,ERR4914058,S511,N714,NA,NA,Sample,Nextera,Nextera,ERR12645759
2,September_2020,ARMS_SWC_Gbg1_20200206_20200520_SF40,2020,ARMS_SWC_Gbg1_200206-200520_SF40,first sequencing run,ARMS_SWC_Gbg1_20200206_20200520_SF40_r1,ERR4914117,ERR4914175,ERR4914059,S513,N715,NA,NA,Sample,Nextera,Nextera,ERR12645760
2,September_2020,ARMS_SWC_Gbg2_20200206_20200520_MF100,2020,ARMS_SWC_Gbg2_200206-200520_MF100,first sequencing run,ARMS_SWC_Gbg2_20200206_20200520_MF100_r1,ERR4914118,ERR4914176,ERR4914060,S515,N716,NA,NA,Sample,Nextera,Nextera,ERR12645761
2,September_2020,ARMS_SWC_Gbg2_20200206_20200520_MF500,2020,ARMS_SWC_Gbg2_200206-200520_MF500,first sequencing run,ARMS_SWC_Gbg2_20200206_20200520_MF500_r1,ERR4914119,ERR4914177,ERR4914061,S518,N718,NA,NA,Sample,Nextera,Nextera,ERR12645762
2,September_2020,ARMS_SWC_Gbg2_20200206_20200520_SF40,2020,ARMS_SWC_Gbg2_200206-200520_SF40,first sequencing run,ARMS_SWC_Gbg2_20200206_20200520_SF40_r1,ERR4914120,ERR4914178,ERR4914062,S520,N720,NA,NA,Sample,Nextera,Nextera,ERR12645763
2,September_2020,ARMS_SWC_Gbg3_20200206_20200529_MF100,2020,ARMS_SWC_Gbg3_200206-200529_MF100,first sequencing run,ARMS_SWC_Gbg3_20200206_20200529_MF100_r1,ERR4914121,ERR4914179,ERR4914063,S521,N722,NA,NA,Sample,Nextera,Nextera,ERR12645764
2,September_2020,ARMS_SWC_Gbg3_20200206_20200529_MF500,2020,ARMS_SWC_Gbg3_200206-200529_MF500,first sequencing run,ARMS_SWC_Gbg3_20200206_20200529_MF500_r1,ERR4914122,ERR4914180,ERR4914064,S522,N723,NA,NA,Sample,Nextera,Nextera,ERR12645765
2,September_2020,ARMS_SWC_Gbg3_20200206_20200529_SF40,2020,ARMS_SWC_Gbg3_200206-200529_SF40,first sequencing run,ARMS_SWC_Gbg3_20200206_20200529_SF40_r1,ERR4914123,ERR4914181,ERR4914065,S506,N724,NA,NA,Sample,Nextera,Nextera,ERR12645766
2,September_2020,ARMS_SWC_Gbg4_20200206_20200529_MF100,2020,ARMS_SWC_Gbg4_200206-200529_MF100,first sequencing run,ARMS_SWC_Gbg4_20200206_20200529_MF100_r1,ERR4914124,ERR4914182,ERR4914066,S507,N726,NA,NA,Sample,Nextera,Nextera,ERR12645767
2,September_2020,ARMS_SWC_Gbg4_20200206_20200529_MF500,2020,ARMS_SWC_Gbg4_200206-200529_MF500,first sequencing run,ARMS_SWC_Gbg4_20200206_20200529_MF500_r1,ERR4914125,ERR4914183,ERR4914067,S508,N727,NA,NA,Sample,Nextera,Nextera,ERR12645768
2,September_2020,ARMS_SWC_Gbg4_20200206_20200529_SF40,2020,ARMS_SWC_Gbg4_200206-200529_SF40,first sequencing run,ARMS_SWC_Gbg4_20200206_20200529_SF40_r1,ERR4914126,ERR4914184,ERR4914068,S510,N728,NA,NA,Sample,Nextera,Nextera,ERR12645769
2,September_2020,ARMS_SWC_Marstrand1_20200228_20200527_MF100,2020,ARMS_SWC_Marstrand1_200228-200527_MF100,first sequencing run,ARMS_SWC_Marstrand1_20200228_20200527_MF100_r1,ERR4914136,ERR4914194,ERR4914078,S511,N729,NA,NA,Sample,Nextera,Nextera,ERR12645770
2,September_2020,ARMS_SWC_Marstrand1_20200228_20200527_MF500,2020,ARMS_SWC_Marstrand1_200228-200527_MF500,first sequencing run,ARMS_SWC_Marstrand1_20200228_20200527_MF500_r1,ERR4914137,ERR4914195,ERR4914079,S513,N728,NA,NA,Sample,Nextera,Nextera,ERR12645771
2,September_2020,ARMS_SWC_Marstrand1_20200228_20200527_SF40,2020,ARMS_SWC_Marstrand1_200228-200527_SF40,first sequencing run,ARMS_SWC_Marstrand1_20200228_20200527_SF40_r1,ERR4914138,ERR4914196,ERR4914080,S515,N727,NA,NA,Sample,Nextera,Nextera,ERR12645772
2,September_2020,ARMS_SWC_Marstrand2_20200228_20200527_MF100,2020,ARMS_SWC_Marstrand2_200228-200527_MF100,first sequencing run,ARMS_SWC_Marstrand2_20200228_20200527_MF100_r1,ERR4914139,ERR4914197,ERR4914081,S518,N726,NA,NA,Sample,Nextera,Nextera,ERR12645773
2,September_2020,ARMS_SWC_Marstrand2_20200228_20200527_MF500,2020,ARMS_SWC_Marstrand2_200228-200527_MF500,first sequencing run,ARMS_SWC_Marstrand2_20200228_20200527_MF500_r1,ERR4914140,ERR4914198,ERR4914082,S520,N724,NA,NA,Sample,Nextera,Nextera,ERR12645774
2,September_2020,ARMS_SWC_Marstrand2_20200228_20200527_SF40,2020,ARMS_SWC_Marstrand2_200228-200527_SF40,first sequencing run,ARMS_SWC_Marstrand2_20200228_20200527_SF40_r1,ERR4914141,ERR4914199,ERR4914083,S521,N723,NA,NA,Sample,Nextera,Nextera,ERR12645775
2,September_2020,ARMS_SWC_Marstrand3_20200228_20200527_MF100,2020,ARMS_SWC_Marstrand3_200228-200527_MF100,first sequencing run,ARMS_SWC_Marstrand3_20200228_20200527_MF100_r1,ERR4914142,ERR4914200,ERR4914084,S522,N722,NA,NA,Sample,Nextera,Nextera,ERR12645776
2,September_2020,ARMS_SWC_Marstrand3_20200228_20200527_MF500,2020,ARMS_SWC_Marstrand3_200228-200527_MF500,first sequencing run,ARMS_SWC_Marstrand3_20200228_20200527_MF500_r1,ERR4914143,ERR4914201,ERR4914085,S521,N720,NA,NA,Sample,Nextera,Nextera,ERR12645777
2,September_2020,ARMS_SWC_Marstrand3_20200228_20200527_SF40,2020,ARMS_SWC_Marstrand3_200228-200527_SF40,first sequencing run,ARMS_SWC_Marstrand3_20200228_20200527_SF40_r1,ERR4914144,ERR4914202,ERR4914086,S520,N718,NA,NA,Sample,Nextera,Nextera,ERR12645778
2,September_2020,ARMS_SWC_Hjuvik1_20200131_20200518_MF100,2020,ARMS_SWC_Hjuvik1_200131-200518_MF100,first sequencing run,ARMS_SWC_Hjuvik1_20200131_20200518_MF100_r1,ERR4914133,ERR4914191,ERR4914075,S518,N716,NA,NA,Sample,Nextera,Nextera,ERR12645779
2,September_2020,ARMS_SWC_Hjuvik1_20200131_20200518_MF500,2020,ARMS_SWC_Hjuvik1_200131-200518_MF500,first sequencing run,ARMS_SWC_Hjuvik1_20200131_20200518_MF500_r1,ERR4914134,ERR4914192,ERR4914076,S515,N715,NA,NA,Sample,Nextera,Nextera,ERR12645780
2,September_2020,ARMS_SWC_Hjuvik1_20200131_20200518_SF40,2020,ARMS_SWC_Hjuvik1_200131-200518_SF40,first sequencing run,ARMS_SWC_Hjuvik1_20200131_20200518_SF40_r1,ERR4914135,ERR4914193,ERR4914077,S513,N714,NA,NA,Sample,Nextera,Nextera,ERR12645781
2,September_2020,ARMS_SWC_Bjorko1_20200131_20200518_MF100,2020,ARMS_SWC_Bjorko1_200131-200518_MF100,first sequencing run,ARMS_SWC_Bjorko1_20200131_20200518_MF100_r1,ERR4914112,ERR4914170,ERR4914054,S511,N712,NA,NA,Sample,Nextera,Nextera,ERR12645782
2,September_2020,ARMS_SWC_Bjorko1_20200131_20200518_MF500,2020,ARMS_SWC_Bjorko1_200131-200518_MF500,first sequencing run,ARMS_SWC_Bjorko1_20200131_20200518_MF500_r1,ERR4914113,ERR4914171,ERR4914055,S510,N711,NA,NA,Sample,Nextera,Nextera,ERR12645783
2,September_2020,ARMS_SWC_Bjorko1_20200131_20200518_SF40,2020,ARMS_SWC_Bjorko1_200131-200518_SF40,first sequencing run,ARMS_SWC_Bjorko1_20200131_20200518_SF40_r1,ERR4914114,ERR4914172,ERR4914056,S508,N710,NA,NA,Sample,Nextera,Nextera,ERR12645784
2,September_2020,Blank,NA,NA,NA,NA,ERR4914160,ERR4914218,ERR4914102,S507,N707,NA,NA,Blank,Nextera,Nextera,ERR12645785
2,September_2020,ARMS_SWC_Preemraff1_20200401_20200715_MF100,2020,ARMS_SWC_Preemraff1_200401-200715_MF100,first sequencing run,ARMS_SWC_Preemraff1_20200401_20200715_MF100_r1,ERR4914154,ERR4914212,ERR4914096,S506,N711,NA,NA,Sample,Nextera,Nextera,ERR12645786
2,September_2020,ARMS_SWC_Preemraff1_20200401_20200715_MF500,2020,ARMS_SWC_Preemraff1_200401-200715_MF500,first sequencing run,ARMS_SWC_Preemraff1_20200401_20200715_MF500_r1,ERR4914155,ERR4914213,ERR4914097,S507,N712,NA,NA,Sample,Nextera,Nextera,ERR12645787
2,September_2020,ARMS_SWC_Preemraff1_20200401_20200715_SF40,2020,ARMS_SWC_Preemraff1_200401-200715_SF40,first sequencing run,ARMS_SWC_Preemraff1_20200401_20200715_SF40_r1,ERR4914156,ERR4914214,ERR4914098,S508,N714,NA,NA,Sample,Nextera,Nextera,ERR12645788
2,September_2020,ARMS_SWC_Preemraff2_20200401_20200715_MF100,2020,ARMS_SWC_Preemraff2_200401-200715_MF100,first sequencing run,ARMS_SWC_Preemraff2_20200401_20200715_MF100_r1,ERR4914157,ERR4914215,ERR4914099,S510,N715,NA,NA,Sample,Nextera,Nextera,ERR12645789
2,September_2020,ARMS_SWC_Preemraff2_20200401_20200715_MF500,2020,ARMS_SWC_Preemraff2_200401-200715_MF500,first sequencing run,ARMS_SWC_Preemraff2_20200401_20200715_MF500_r1,ERR4914158,ERR4914216,ERR4914100,S511,N716,NA,NA,Sample,Nextera,Nextera,ERR12645790
2,September_2020,ARMS_SWC_Preemraff2_20200401_20200715_SF40,2020,ARMS_SWC_Preemraff2_200401-200715_SF40,first sequencing run,ARMS_SWC_Preemraff2_20200401_20200715_SF40_r1,ERR4914159,ERR4914217,ERR4914101,S513,N718,NA,NA,Sample,Nextera,Nextera,ERR12645791
2,September_2020,ARMS_SWC_Varberg2_20200213_20200603_MF100,2020,ARMS_SWC_Varberg2_200213-200603_MF100,first sequencing run,ARMS_SWC_Varberg2_20200213_20200603_MF100_r1,ERR4914148,ERR4914206,ERR4914090,S515,N720,NA,NA,Sample,Nextera,Nextera,ERR12645792
2,September_2020,ARMS_SWC_Varberg2_20200213_20200603_MF500,2020,ARMS_SWC_Varberg2_200213-200603_MF500,first sequencing run,ARMS_SWC_Varberg2_20200213_20200603_MF500_r1,ERR4914149,ERR4914207,ERR4914091,S518,N722,NA,NA,Sample,Nextera,Nextera,ERR12645793
2,September_2020,ARMS_SWC_Varberg2_20200213_20200603_SF40,2020,ARMS_SWC_Varberg2_200213-200603_SF40,first sequencing run,ARMS_SWC_Varberg2_20200213_20200603_SF40_r1,ERR4914150,ERR4914208,ERR4914092,S520,N723,NA,NA,Sample,Nextera,Nextera,ERR12645794
2,September_2020,ARMS_SWC_Varberg3_20200213_20200603_MF100,2020,ARMS_SWC_Varberg3_200213-200603_MF100,first sequencing run,ARMS_SWC_Varberg3_20200213_20200603_MF100_r1,ERR4914151,ERR4914209,ERR4914093,S521,N724,NA,NA,Sample,Nextera,Nextera,ERR12645795
2,September_2020,ARMS_SWC_Varberg3_20200213_20200603_MF500,2020,ARMS_SWC_Varberg3_200213-200603_MF500,first sequencing run,ARMS_SWC_Varberg3_20200213_20200603_MF500_r1,ERR4914152,ERR4914210,ERR4914094,S522,N726,NA,NA,Sample,Nextera,Nextera,ERR12645796
2,September_2020,ARMS_SWC_Varberg3_20200213_20200603_SF40,2020,ARMS_SWC_Varberg3_200213-200603_SF40,first sequencing run,ARMS_SWC_Varberg3_20200213_20200603_SF40_r1,ERR4914153,ERR4914211,ERR4914095,S521,N727,NA,NA,Sample,Nextera,Nextera,ERR12645797
2,September_2020,ARMS_SWC_Helsingborg1_20200305_20200604_MF100,2020,ARMS_SWC_Helsingborg1_200305-200604_MF100,first sequencing run,ARMS_SWC_Helsingborg1_20200305_20200604_MF100_r1,ERR4914127,ERR4914185,ERR4914069,S520,N729,NA,NA,Sample,Nextera,Nextera,ERR12645798
2,September_2020,ARMS_SWC_Helsingborg1_20200305_20200604_MF500,2020,ARMS_SWC_Helsingborg1_200305-200604_MF500,first sequencing run,ARMS_SWC_Helsingborg1_20200305_20200604_MF500_r1,ERR4914128,ERR4914186,ERR4914070,S518,N728,NA,NA,Sample,Nextera,Nextera,ERR12645799
2,September_2020,ARMS_SWC_Helsingborg1_20200305_20200604_SF40,2020,ARMS_SWC_Helsingborg1_200305-200604_SF40,first sequencing run,ARMS_SWC_Helsingborg1_20200305_20200604_SF40_r1,ERR4914129,ERR4914187,ERR4914071,S515,N726,NA,NA,Sample,Nextera,Nextera,ERR12645800
2,September_2020,ARMS_SWC_Helsingborg2_20200305_20200604_MF100,2020,ARMS_SWC_Helsingborg2_200305-200604_MF100,first sequencing run,ARMS_SWC_Helsingborg2_20200305_20200604_MF100_r1,ERR4914130,ERR4914188,ERR4914072,S513,N724,NA,NA,Sample,Nextera,Nextera,ERR12645801
2,September_2020,ARMS_SWC_Helsingborg2_20200305_20200604_MF500,2020,ARMS_SWC_Helsingborg2_200305-200604_MF500,first sequencing run,ARMS_SWC_Helsingborg2_20200305_20200604_MF500_r1,ERR4914131,ERR4914189,ERR4914073,S511,N723,NA,NA,Sample,Nextera,Nextera,ERR12645802
2,September_2020,ARMS_SWC_Helsingborg2_20200305_20200604_SF40,2020,ARMS_SWC_Helsingborg2_200305-200604_SF40,first sequencing run,ARMS_SWC_Helsingborg2_20200305_20200604_SF40_r1,ERR4914132,ERR4914190,ERR4914074,S510,N722,NA,NA,Sample,Nextera,Nextera,ERR12645803
2,April_2021,ARMS_Getxo_G1_20200624_20201103_MF500,2020,Getxo-G1-MF500-A-B-C-DMSO,first sequencing run,ARMS_Getxo_G1_20200624_20201103_MF500_r1,ERR7127670,ERR7127671,ERR7127669,S508,N711,NA,NA,Sample,Nextera,Nextera,ERR12645816
2,April_2021,ARMS_Getxo_G1_20200624_20201103_MF100,2020,Getxo-G1-MF100-A-B-C-DMSO,first sequencing run,ARMS_Getxo_G1_20200624_20201103_MF100_r1,ERR7127667,ERR7127668,ERR7127666,S517,N711,NA,NA,Sample,Nextera,Nextera,ERR12645817
2,April_2021,ARMS_Getxo_G1_20200624_20201103_SF40,2020,Getxo-G1-SF40-A-B-C-DMSO,first sequencing run,ARMS_Getxo_G1_20200624_20201103_SF40_r1,ERR7127673,ERR7127674,ERR7127672,S520,N711,NA,NA,Sample,Nextera,Nextera,ERR12645818
2,April_2021,ARMS_Getxo_G2_20200624_20201103_MF100,2020,Getxo-G2-MF100-A-B-C-DMSO,first sequencing run,ARMS_Getxo_G2_20200624_20201103_MF100_r1,ERR7127679,ERR7127680,ERR7127678,S521,N711,NA,NA,Sample,Nextera,Nextera,ERR12645819
2,April_2021,ARMS_Getxo_G2_20200624_20201103_SF40,2020,Getxo-G2-SF40-A-B-C-DMSO,first sequencing run,ARMS_Getxo_G2_20200624_20201103_SF40_r1,ERR7127682,ERR7127683,ERR7127681,S521,N712,NA,NA,Sample,Nextera,Nextera,ERR12645820
2,April_2021,ARMS_Getxo_G3_20200624_20201103_MF100,2020,Getxo-G3-MF100-A-B-C-DMSO,first sequencing run,ARMS_Getxo_G3_20200624_20201103_MF100_r1,ERR7127685,ERR7127686,ERR7127684,S517,N712,NA,NA,Sample,Nextera,Nextera,ERR12645821
2,April_2021,ARMS_Getxo_G3_20200624_20201103_SF40,2020,Getxo-G3-SF40-A-B-C-DMSO,first sequencing run,ARMS_Getxo_G3_20200624_20201103_SF40_r1,ERR7127688,ERR7127689,ERR7127687,S517,N714,NA,NA,Sample,Nextera,Nextera,ERR12645822
2,April_2021,ARMS_TZS_Angbat_20200608_20201117_MF500_ETOH,2020,ARMS_TZS_ANG_200608-201117_MF500_ETOH,first sequencing run,ARMS_TZS_Angbat_20200608_20201117_MF500_ETOH_r1,ERR7125504,ERR7125505,ERR7125503,S521,N721,NA,NA,Sample,Nextera,Nextera,ERR12645839
2,April_2021,ARMS_TZS_Angbat_20200608_20201117_MF100_ETOH,2020,ARMS_TZS_ANG_200608-201117_MF100_ETOH,first sequencing run,ARMS_TZS_Angbat_20200608_20201117_MF100_ETOH_r1,ERR7125501,ERR7125502,ERR7125500,S520,N721,NA,NA,Sample,Nextera,Nextera,ERR12645840
2,April_2021,ARMS_TZS_Angbat_20200608_20201117_SF40_ETOH,2020,ARMS_TZS_ANG_200608-201117_SF40_ETOH_A,first sequencing run,ARMS_TZS_Angbat_20200608_20201117_SF40_ETOH_r1,ERR7125507,ERR7125508,ERR7125506,S520,N722,NA,NA,Sample,Nextera,Nextera,ERR12645841
2,April_2021,ARMS_TZS_Kummelkobben_20200608_20201120_MF500_ETOH,2020,ARMS_TZS_KUMM_200608-201120_MF500_ETOH,first sequencing run,ARMS_TZS_Kummelkobben_20200608_20201120_MF500_ETOH_r1,ERR7125513,ERR7125514,ERR7125512,S511,N722,NA,NA,Sample,Nextera,Nextera,ERR12645842
2,April_2021,ARMS_TZS_Kummelkobben_20200608_20201120_MF100_ETOH,2020,ARMS_TZS_KUMM_200608-201120_MF100_ETOH,first sequencing run,ARMS_TZS_Kummelkobben_20200608_20201120_MF100_ETOH_r1,ERR7125510,ERR7125511,ERR7125509,S511,N721,NA,NA,Sample,Nextera,Nextera,ERR12645843
2,April_2021,ARMS_TZS_Kummelkobben_20200608_20201120_SF40_ETOH,2020,ARMS_TZS_KUMM_200608-201120_SF40_ETOH_A,first sequencing run,ARMS_TZS_Kummelkobben_20200608_20201120_SF40_ETOH_r1,ERR7125516,ERR7125517,ERR7125515,S511,N715,NA,NA,Sample,Nextera,Nextera,ERR12645844
2,April_2021,ARMS_Crete_1HERP_20200903_20210122_SF,2020,ARMS5_200903-210122_Sessile,first sequencing run,ARMS_Crete_1HERP_20200903_20210122_SF_r1,ERR7125570,ERR7125571,ERR7125569,S505,N722,NA,NA,Sample,Nextera,Nextera,ERR12645713
2,April_2021,ARMS_Crete_1HERP_20200903_20210122_MF500,2020,ARMS5_200903-210122_Motile_500,first sequencing run,ARMS_Crete_1HERP_20200903_20210122_MF500_r1,ERR7125564,ERR7125565,ERR7125563,S505,N723,NA,NA,Sample,Nextera,Nextera,ERR12645714
2,April_2021,ARMS_Crete_1HERP_20200903_20210122_MF90,2020,ARMS5_200903-210122_Motile_90,first sequencing run,ARMS_Crete_1HERP_20200903_20210122_MF90_r1,ERR7125567,ERR7125568,ERR7125566,S506,N722,NA,NA,Sample,Nextera,Nextera,ERR12645715
2,April_2021,ARMS_BelgiumCoast_AJJC86_20200506_20201012_MF500,2020,ARMS_BelgiumCoast_JJ-C8-6_200506-201012_MF500_DMSO_A,first sequencing run,ARMS_BelgiumCoast_AJJC86_20200506_20201012_MF500_r1,ERR7125490,ERR7125491,ERR7125489,S506,N729,NA,NA,Sample,Nextera,Nextera,ERR12645852
2,April_2021,ARMS_BelgiumCoast_AJJC86_20200506_20201012_MF100,2020,ARMS_BelgiumCoast_JJ-C8-6_200506-201012_MF100_DMSO_A,first sequencing run,ARMS_BelgiumCoast_AJJC86_20200506_20201012_MF100_r1,ERR7125487,ERR7125488,ERR7125486,S507,N729,NA,NA,Sample,Nextera,Nextera,ERR12645853
2,April_2021,ARMS_BelgiumCoast_AJJCD78_20200506_20201012_MF100,2020,ARMS_BelgiumCoast_JJ-CD78_200506-201012_MF100_DMSO_A,first sequencing run,ARMS_BelgiumCoast_AJJCD78_20200506_20201012_MF100_r1,ERR7125493,ERR7125494,ERR7125492,S508,N729,NA,NA,Sample,Nextera,Nextera,ERR12645854
2,April_2021,ARMS_BelgiumCoast_AJJC81_20200506_20201012_MF500,2020,ARMS_BelgiumCoast_JJ-C8-1_200506-201012_MF500_DMSO_A,first sequencing run,ARMS_BelgiumCoast_AJJC81_20200506_20201012_MF500_r1,ERR7125484,ERR7125485,ERR7125483,S510,N729,NA,NA,Sample,Nextera,Nextera,ERR12645855
2,April_2021,ARMS_BelgiumCoast_AJJC81_20200506_20201012_MF100,2020,ARMS_BelgiumCoast_JJ-C8-1_200506-201012_MF100_DMSO_A,first sequencing run,ARMS_BelgiumCoast_AJJC81_20200506_20201012_MF100_r1,ERR7125481,ERR7125482,ERR7125480,S511,N729,NA,NA,Sample,Nextera,Nextera,ERR12645856
2,April_2021,Blank,NA,NA,NA,NA,ERR7125534,ERR7125535,ERR7125533,S520,N729,NA,NA,Blank,Nextera,Nextera,ERR12645857
5,August_2023,ARMS_BelgiumCoast_AJJBC89_20210225_20210819_MF100,2021,ARMS_BelgiumCoast_JJ-BC89_20210225-20210819_MF100_DMSO_A,first sequencing run,ARMS_BelgiumCoast_AJJBC89_20210225_20210819_MF100_r1,ERR12541385,NA,ERR12541287,S510,N722,NA,NA,Sample,Nextera,Nextera,ERR12645858
5,August_2023,ARMS_BelgiumCoast_AJJBC89_20210225_20210819_MF500,2021,ARMS_BelgiumCoast_JJ-BC89_20210225-20210819_MF500_DMSO_A,first sequencing run,ARMS_BelgiumCoast_AJJBC89_20210225_20210819_MF500_r1,ERR12541386,NA,ERR12541288,S511,N722,NA,NA,Sample,Nextera,Nextera,ERR12645859
5,August_2023,ARMS_BelgiumCoast_AJJBC89_20210225_20210819_SF40,2021,ARMS_BelgiumCoast_JJ-BC89_20210225-20210819_SF40_DMSO_A,first sequencing run,ARMS_BelgiumCoast_AJJBC89_20210225_20210819_SF40_r1,ERR12541387,NA,ERR12541289,S513,N722,NA,NA,Sample,Nextera,Nextera,ERR12645860
5,August_2023,ARMS_BelgiumCoast_AJJCD78_20200506_20201012_MF500,2020,ARMS_BelgiumCoast_JJ-CD78_200506-201012_MF500_DMSO_A,first sequencing run,ARMS_BelgiumCoast_AJJCD78_20200506_20201012_MF500_r1,ERR12541388,NA,ERR12541290,S515,N722,NA,NA,Sample,Nextera,Nextera,ERR12645861
5,August_2023,ARMS_BelgiumCoast_AJJCD78_20210225_20210819_MF100,2021,ARMS_BelgiumCoast_JJ-CD78_20210225-20210819_MF100_DMSO_A,first sequencing run,ARMS_BelgiumCoast_AJJCD78_20210225_20210819_MF100_r1,ERR12541389,NA,ERR12541291,S505,N721,NA,NA,Sample,Nextera,Nextera,ERR12645862
5,August_2023,ARMS_BelgiumCoast_AJJCD78_20210225_20210819_MF500,2021,ARMS_BelgiumCoast_JJ-CD78_20210225-20210819_MF500_DMSO_A,first sequencing run,ARMS_BelgiumCoast_AJJCD78_20210225_20210819_MF500_r1,ERR12541390,NA,ERR12541292,S506,N721,NA,NA,Sample,Nextera,Nextera,ERR12645863
5,August_2023,ARMS_BelgiumCoast_AJJCD78_20210225_20210819_SF40,2021,ARMS_BelgiumCoast_JJ-CD78_20210225-20210819_SF40_DMSO_A,first sequencing run,ARMS_BelgiumCoast_AJJCD78_20210225_20210819_SF40_r1,ERR12541391,NA,ERR12541293,S507,N721,NA,NA,Sample,Nextera,Nextera,ERR12645864
5,August_2023,ARMS_BelgiumCoast_AJJCD89_20210225_20210819_MF100,2021,ARMS_BelgiumCoast_JJ-CD89_20210225-20210819_MF100_DMSO_A,first sequencing run,ARMS_BelgiumCoast_AJJCD89_20210225_20210819_MF100_r1,ERR12541392,NA,ERR12541294,S508,N721,NA,NA,Sample,Nextera,Nextera,ERR12645865
5,August_2023,ARMS_BelgiumCoast_AJJCD89_20210225_20210819_MF500,2021,ARMS_BelgiumCoast_JJ-CD89_20210225-20210819_MF500_DMSO_A,first sequencing run,ARMS_BelgiumCoast_AJJCD89_20210225_20210819_MF500_r1,ERR12541393,NA,ERR12541295,S510,N721,NA,NA,Sample,Nextera,Nextera,ERR12645866
5,August_2023,ARMS_BelgiumCoast_AJJCD89_20210225_20210819_SF40,2021,ARMS_BelgiumCoast_JJ-CD89_20210225-20210819_SF40_DMSO_A,first sequencing run,ARMS_BelgiumCoast_AJJCD89_20210225_20210819_SF40_r1,ERR12541394,NA,ERR12541296,S511,N721,NA,NA,Sample,Nextera,Nextera,ERR12645867
5,August_2023,ARMS_BelgiumCoast_BirkenfelsA_20200617_20210309_MF500,2020,ARMS_BelgiumCoast_Birkenfels-A_20200617-20210309_MF500_DMSO_A,first sequencing run,ARMS_BelgiumCoast_BirkenfelsA_20200617_20210309_MF500_r1,ERR12541395,NA,ERR12541297,S515,N721,NA,NA,Sample,Nextera,Nextera,ERR12645868
5,August_2023,ARMS_BelgiumCoast_BirkenfelsA_20200617_20210309_SF40,2020,ARMS_BelgiumCoast_Birkenfels-A_20200617-20210309_SF40_DMSO_A,first sequencing run,ARMS_BelgiumCoast_BirkenfelsA_20200617_20210309_SF40_r1,ERR12541396,NA,ERR12541298,S505,N720,NA,NA,Sample,Nextera,Nextera,ERR12645869
5,August_2023,ARMS_BelgiumCoast_BirkenfelsB_20200617_20210309_MF100,2020,ARMS_BelgiumCoast_Birkenfels-B_20200617-20210309_MF100_DMSO_A,first sequencing run,ARMS_BelgiumCoast_BirkenfelsB_20200617_20210309_MF100_r1,ERR12541397,NA,ERR12541299,S506,N720,NA,NA,Sample,Nextera,Nextera,ERR12645870
5,August_2023,ARMS_BelgiumCoast_BirkenfelsB_20200617_20210309_SF40,2020,ARMS_BelgiumCoast_Birkenfels-B_20200617-20210309_SF40_DMSO_A,first sequencing run,ARMS_BelgiumCoast_BirkenfelsB_20200617_20210309_SF40_r1,ERR12541398,NA,ERR12541300,S508,N720,NA,NA,Sample,Nextera,Nextera,ERR12645871
5,August_2023,ARMS_BelgiumCoast_CoastbustersA_20210422_20211008_MF100,2021,ARMS_BelgiumCoast_CoastbustersA_20210422-20211008_MF100_DMSO_A,first sequencing run,ARMS_BelgiumCoast_CoastbustersA_20210422_20211008_MF100_r1,ERR12541399,NA,ERR12541301,S510,N720,NA,NA,Sample,Nextera,Nextera,ERR12645872
5,August_2023,ARMS_BelgiumCoast_CoastbustersA_20210422_20211008_SF40,2021,ARMS_BelgiumCoast_CoastbustersA_20210422-20211008_SF40_DMSO_A,first sequencing run,ARMS_BelgiumCoast_CoastbustersA_20210422_20211008_SF40_r1,ERR12541400,NA,ERR12541302,S513,N720,NA,NA,Sample,Nextera,Nextera,ERR12645873
5,August_2023,ARMS_Galway_Gurr1_20200721_20210708_MF100,2020,ARMS_Galway_Gurr1_200721-210708_MF100A,first sequencing run,ARMS_Galway_Gurr1_20200721_20210708_MF100_r1,ERR12541401,NA,ERR12541303,S515,N720,NA,NA,Sample,Nextera,Nextera,ERR12645874
5,August_2023,ARMS_Galway_Gurr1_20200721_20210708_MF500,2020,ARMS_Galway_Gurr1_200721-210708_MF500A,first sequencing run,ARMS_Galway_Gurr1_20200721_20210708_MF500_r1,ERR12541402,NA,ERR12541304,S505,N719,NA,NA,Sample,Nextera,Nextera,ERR12645875
5,August_2023,ARMS_Galway_Gurr1_20200721_20210708_SF40,2020,ARMS_Galway_Gurr1_200721-210708_SF40A,first sequencing run,ARMS_Galway_Gurr1_20200721_20210708_SF40_r1,ERR12541403,NA,ERR12541305,S506,N719,NA,NA,Sample,Nextera,Nextera,ERR12645876
5,August_2023,ARMS_Galway_Gurr2_20200721_20210707_MF100,2020,ARMS_Galway_Gurr2_200721-210707_MF100A,first sequencing run,ARMS_Galway_Gurr2_20200721_20210707_MF100_r1,ERR12541404,NA,ERR12541306,S507,N719,NA,NA,Sample,Nextera,Nextera,ERR12645877
5,August_2023,ARMS_Galway_Gurr2_20200721_20210707_MF500,2020,ARMS_Galway_Gurr2_200721-210707_MF500A,first sequencing run,ARMS_Galway_Gurr2_20200721_20210707_MF500_r1,ERR12541405,NA,ERR12541307,S508,N719,NA,NA,Sample,Nextera,Nextera,ERR12645878
5,August_2023,ARMS_Galway_Gurr2_20200721_20210707_SF40,2020,ARMS_Galway_Gurr2_200721-210707_SF40A,first sequencing run,ARMS_Galway_Gurr2_20200721_20210707_SF40_r1,ERR12541406,NA,ERR12541308,S510,N719,NA,NA,Sample,Nextera,Nextera,ERR12645879
5,August_2023,ARMS_Galway_Gurr3_20200723_20210708_MF100,2020,ARMS_Galway_Gurr3_200723-210708_MF100A,first sequencing run,ARMS_Galway_Gurr3_20200723_20210708_MF100_r1,ERR12541407,NA,ERR12541309,S511,N719,NA,NA,Sample,Nextera,Nextera,ERR12645880
5,August_2023,ARMS_Galway_Gurr3_20200723_20210708_MF500,2020,ARMS_Galway_Gurr3_200723-210708_MF500A,first sequencing run,ARMS_Galway_Gurr3_20200723_20210708_MF500_r1,ERR12541408,NA,ERR12541310,S513,N719,NA,NA,Sample,Nextera,Nextera,ERR12645881
5,August_2023,ARMS_Galway_Gurr3_20200723_20210708_SF40,2020,ARMS_Galway_Gurr3_200723-210708_SF40A,first sequencing run,ARMS_Galway_Gurr3_20200723_20210708_SF40_r1,ERR12541409,NA,ERR12541311,S515,N719,NA,NA,Sample,Nextera,Nextera,ERR12645882
5,August_2023,ARMS_Koster_VH1_20200716_20210608_MF100,2020,ARMS_Koster_VH1_20200716_20210608_MF100_A,first sequencing run,ARMS_Koster_VH1_20200716_20210608_MF100_r1,ERR12541416,NA,ERR12541318,S505,N718,NA,NA,Sample,Nextera,Nextera,ERR12645883
5,August_2023,ARMS_Koster_VH1_20200716_20210608_MF500,2020,ARMS_Koster_VH1_20200716_20210608_MF500_A,first sequencing run,ARMS_Koster_VH1_20200716_20210608_MF500_r1,ERR12541417,NA,ERR12541319,S506,N718,NA,NA,Sample,Nextera,Nextera,ERR12645884
5,August_2023,ARMS_Koster_VH1_20200716_20210608_SF40,2020,ARMS_Koster_VH1_20200716_20210608_SF40_A,first sequencing run,ARMS_Koster_VH1_20200716_20210608_SF40_r1,ERR12541418,NA,ERR12541320,S507,N718,NA,NA,Sample,Nextera,Nextera,ERR12645885
5,August_2023,ARMS_Koster_VH2_20200716_20210608_MF100,2020,ARMS_Koster_VH2_20200716_20210608_MF100_Á,first sequencing run,ARMS_Koster_VH2_20200716_20210608_MF100_r1,ERR12541419,NA,ERR12541321,S508,N718,NA,NA,Sample,Nextera,Nextera,ERR12645886
5,August_2023,ARMS_Koster_VH2_20200716_20210608_MF500,2020,ARMS_Koster_VH2_20200716_20210608_MF500_A,first sequencing run,ARMS_Koster_VH2_20200716_20210608_MF500_r1,ERR12541420,NA,ERR12541322,S510,N718,NA,NA,Sample,Nextera,Nextera,ERR12645887
5,August_2023,ARMS_Koster_VH2_20200716_20210608_SF40,2020,ARMS_Koster_VH2_20200716_20210608_SF40_A,first sequencing run,ARMS_Koster_VH2_20200716_20210608_SF40_r1,ERR12541421,NA,ERR12541323,S511,N718,NA,NA,Sample,Nextera,Nextera,ERR12645888
5,August_2023,ARMS_Koster_VH3_20200716_20210608_MF100,2020,ARMS_Koster_VH3_20200716_20210608_MF100_A,first sequencing run,ARMS_Koster_VH3_20200716_20210608_MF100_r1,ERR12541422,NA,ERR12541324,S513,N718,NA,NA,Sample,Nextera,Nextera,ERR12645889
5,August_2023,ARMS_Koster_VH3_20200716_20210608_MF500,2020,ARMS_Koster_VH3_20200716_20210608_MF500_A,first sequencing run,ARMS_Koster_VH3_20200716_20210608_MF500_r1,ERR12541423,NA,ERR12541325,S515,N718,NA,NA,Sample,Nextera,Nextera,ERR12645890
5,August_2023,ARMS_Koster_VH3_20200716_20210608_SF40,2020,ARMS_Koster_VH3_20200716_20210608_SF40_A,first sequencing run,ARMS_Koster_VH3_20200716_20210608_SF40_r1,ERR12541424,NA,ERR12541326,S505,N716,NA,NA,Sample,Nextera,Nextera,ERR12645891
5,August_2023,ARMS_Limfjord_Green33_20201110_20211115_MF100,2020,ARMS_Limfjord1_201110-211115_MF100_A,first sequencing run,ARMS_Limfjord_Green33_20201110_20211115_MF100_r1,ERR12541425,NA,ERR12541327,S506,N716,NA,NA,Sample,Nextera,Nextera,ERR12645892
5,August_2023,ARMS_Limfjord_Green33_20201110_20211115_MF500,2020,ARMS_ Limfjord1_201110-211115_MF500_A,first sequencing run,ARMS_Limfjord_Green33_20201110_20211115_MF500_r1,ERR12541426,NA,ERR12541328,S507,N716,NA,NA,Sample,Nextera,Nextera,ERR12645893
5,August_2023,ARMS_Limfjord_Green33_20201110_20211115_SF40,2020,ARMS_ Limfjord1_201110-211115_SF40_A,first sequencing run,ARMS_Limfjord_Green33_20201110_20211115_SF40_r1,ERR12541427,NA,ERR12541329,S508,N716,NA,NA,Sample,Nextera,Nextera,ERR12645894
5,August_2023,ARMS_Limfjord_Yellow8_20201110_20211115_MF100,2020,ARMS_Limfjord2_201110-211115_MF100_A,first sequencing run,ARMS_Limfjord_Yellow8_20201110_20211115_MF100_r1,ERR12541428,NA,ERR12541330,S510,N716,NA,NA,Sample,Nextera,Nextera,ERR12645895
5,August_2023,ARMS_Limfjord_Yellow8_20201110_20211115_MF500,2020,ARMS_ Limfjord2_201110-211115_MF500_A,first sequencing run,ARMS_Limfjord_Yellow8_20201110_20211115_MF500_r1,ERR12541429,NA,ERR12541331,S511,N716,NA,NA,Sample,Nextera,Nextera,ERR12645896
5,August_2023,ARMS_Limfjord_Yellow8_20201110_20211115_SF40,2020,ARMS_ Limfjord2_201110-211115_SF40_A,first sequencing run,ARMS_Limfjord_Yellow8_20201110_20211115_SF40_r1,ERR12541430,NA,ERR12541332,S513,N716,NA,NA,Sample,Nextera,Nextera,ERR12645897
5,August_2023,ARMS_Limfjord_Red2_20201110_20211115_MF100,2020,ARMS_Limfjord3_201110-211115_MF100_A,first sequencing run,ARMS_Limfjord_Red2_20201110_20211115_MF100_r1,ERR12541431,NA,ERR12541333,S515,N716,NA,NA,Sample,Nextera,Nextera,ERR12645898
5,August_2023,ARMS_Limfjord_Red2_20201110_20211115_MF500,2020,ARMS_ Limfjord3_201110-211115_MF500_A,first sequencing run,ARMS_Limfjord_Red2_20201110_20211115_MF500_r1,ERR12541432,NA,ERR12541334,S505,N715,NA,NA,Sample,Nextera,Nextera,ERR12645899
5,August_2023,ARMS_Limfjord_Red2_20201110_20211115_SF40,2020,ARMS_ Limfjord3_201110-211115_SF40_A,first sequencing run,ARMS_Limfjord_Red2_20201110_20211115_SF40_r1,ERR12541433,NA,ERR12541335,S506,N715,NA,NA,Sample,Nextera,Nextera,ERR12645900
5,August_2023,ARMS_Plymouth_MBA1A_20200717_20200921_MF100,2020,ARMS1A_200717-200921_MF100_DMSO,first sequencing run,ARMS_Plymouth_MBA1A_20200717_20200921_MF100_r1,ERR12541434,NA,ERR12541336,S507,N715,NA,NA,Sample,Nextera,Nextera,ERR12645901
5,August_2023,ARMS_Plymouth_MBA1A_20200717_20200921_MF500,2020,ARMS1A_200717-200921_MF500_DMSO,first sequencing run,ARMS_Plymouth_MBA1A_20200717_20200921_MF500_r1,ERR12541435,NA,ERR12541337,S508,N715,NA,NA,Sample,Nextera,Nextera,ERR12645902
5,August_2023,ARMS_Plymouth_MBA1A_20200717_20200921_SF40,2020,ARMS1A_200717-200921_SF_DMSO,first sequencing run,ARMS_Plymouth_MBA1A_20200717_20200921_SF40_r1,ERR12541436,NA,ERR12541338,S510,N715,NA,NA,Sample,Nextera,Nextera,ERR12645903
5,August_2023,ARMS_Plymouth_MBA1B_20200717_20200922_MF100,2020,ARMS1B_200717-200922_MF100_DMSO,first sequencing run,ARMS_Plymouth_MBA1B_20200717_20200922_MF100_r1,ERR12541437,NA,ERR12541339,S511,N715,NA,NA,Sample,Nextera,Nextera,ERR12645904
5,August_2023,ARMS_Plymouth_MBA1B_20200717_20200922_MF500,2020,ARMS1B_200717-200922_MF500_DMSO,first sequencing run,ARMS_Plymouth_MBA1B_20200717_20200922_MF500_r1,ERR12541438,NA,ERR12541340,S513,N715,NA,NA,Sample,Nextera,Nextera,ERR12645905
5,August_2023,ARMS_Plymouth_MBA1B_20200717_20200922_SF40,2020,ARMS1B_200717-200922_SF_DMSO,first sequencing run,ARMS_Plymouth_MBA1B_20200717_20200922_SF40_r1,ERR12541439,NA,ERR12541341,S515,N715,NA,NA,Sample,Nextera,Nextera,ERR12645906
5,August_2023,ARMS_Plymouth_MBA1C_20200717_20200923_MF100,2020,ARMS1C_200717-200923_MF100_DMSO,first sequencing run,ARMS_Plymouth_MBA1C_20200717_20200923_MF100_r1,ERR12541440,NA,ERR12541342,S505,N714,NA,NA,Sample,Nextera,Nextera,ERR12645907
5,August_2023,ARMS_Plymouth_MBA1C_20200717_20200923_MF500,2020,ARMS1C_200717-200923_MF500_DMSO,first sequencing run,ARMS_Plymouth_MBA1C_20200717_20200923_MF500_r1,ERR12541441,NA,ERR12541343,S506,N714,NA,NA,Sample,Nextera,Nextera,ERR12645908
5,August_2023,ARMS_Plymouth_MBA1C_20200717_20200923_SF40,2020,ARMS1C_200717-200923_SF_DMSO,first sequencing run,ARMS_Plymouth_MBA1C_20200717_20200923_SF40_r1,ERR12541442,NA,ERR12541344,S507,N714,NA,NA,Sample,Nextera,Nextera,ERR12645909
5,August_2023,ARMS_RavHarbour_RavH1_20210422_20210722_MF100,2021,ARMS_RAVH1_20210422-20210722_MF100_A,first sequencing run,ARMS_RavHarbour_RavH1_20210422_20210722_MF100_r1,ERR12541443,NA,ERR12541345,S508,N714,NA,NA,Sample,Nextera,Nextera,ERR12645910
5,August_2023,ARMS_RavHarbour_RavH1_20210422_20210722_MF500,2021,ARMS_RAVH1_20210422-20210722_MF500_A,first sequencing run,ARMS_RavHarbour_RavH1_20210422_20210722_MF500_r1,ERR12541444,NA,ERR12541346,S510,N714,NA,NA,Sample,Nextera,Nextera,ERR12645911
5,August_2023,ARMS_RavHarbour_RavH1_20210422_20210722_SF40,2021,ARMS_RAVH1_20210422-20210722_SF40_A,first sequencing run,ARMS_RavHarbour_RavH1_20210422_20210722_SF40_r1,ERR12541445,NA,ERR12541347,S511,N714,NA,NA,Sample,Nextera,Nextera,ERR12645912
5,August_2023,ARMS_RavHarbour_RavH2_20210422_20210722_MF100,2021,ARMS_RAVH2_20210422-20210722_MF100_A,first sequencing run,ARMS_RavHarbour_RavH2_20210422_20210722_MF100_r1,ERR12541446,NA,ERR12541348,S513,N714,NA,NA,Sample,Nextera,Nextera,ERR12645913
5,August_2023,ARMS_RavHarbour_RavH2_20210422_20210722_MF500,2021,ARMS_RAVH2_20210422-20210722_MF500_A,first sequencing run,ARMS_RavHarbour_RavH2_20210422_20210722_MF500_r1,ERR12541447,NA,ERR12541349,S515,N714,NA,NA,Sample,Nextera,Nextera,ERR12645914
5,August_2023,ARMS_RavHarbour_RavH2_20210422_20210722_SF40,2021,ARMS_RAVH2_20210422-20210722_SF40_A,first sequencing run,ARMS_RavHarbour_RavH2_20210422_20210722_SF40_r1,ERR12541448,NA,ERR12541350,S505,N712,NA,NA,Sample,Nextera,Nextera,ERR12645915
5,August_2023,ARMS_RavHarbour_RavH3_20210422_20210722_MF100,2021,ARMS_RAVH3_20210422-20210722_MF100_A,first sequencing run,ARMS_RavHarbour_RavH3_20210422_20210722_MF100_r1,ERR12541449,NA,ERR12541351,S506,N712,NA,NA,Sample,Nextera,Nextera,ERR12645916
5,August_2023,ARMS_RavHarbour_RavH3_20210422_20210722_MF500,2021,ARMS_RAVH3_20210422-20210722_MF500_A,first sequencing run,ARMS_RavHarbour_RavH3_20210422_20210722_MF500_r1,ERR12541450,NA,ERR12541352,S507,N712,NA,NA,Sample,Nextera,Nextera,ERR12645917
5,August_2023,ARMS_RavHarbour_RavH3_20210422_20210722_SF40,2021,ARMS_RAVH3_20210422-20210722_SF40_A,first sequencing run,ARMS_RavHarbour_RavH3_20210422_20210722_SF40_r1,ERR12541451,NA,ERR12541353,S508,N712,NA,NA,Sample,Nextera,Nextera,ERR12645918
5,August_2023,ARMS_RavMarina_RavM1_20210422_20210722_MF100,2021,ARMS_RAVM1_20210422-20210722_MF100_A,first sequencing run,ARMS_RavMarina_RavM1_20210422_20210722_MF100_r1,ERR12541452,NA,ERR12541354,S510,N712,NA,NA,Sample,Nextera,Nextera,ERR12645919
5,August_2023,ARMS_RavMarina_RavM1_20210422_20210722_MF500,2021,ARMS_RAVM1_20210422-20210722_MF500_A,first sequencing run,ARMS_RavMarina_RavM1_20210422_20210722_MF500_r1,ERR12541453,NA,ERR12541355,S511,N712,NA,NA,Sample,Nextera,Nextera,ERR12645920
5,August_2023,ARMS_RavMarina_RavM1_20210422_20210722_SF40,2021,ARMS_RAVM1_20210422-20210722_SF40_A,first sequencing run,ARMS_RavMarina_RavM1_20210422_20210722_SF40_r1,ERR12541454,NA,ERR12541356,S513,N712,NA,NA,Sample,Nextera,Nextera,ERR12645921
5,August_2023,ARMS_RavMarina_RavM2_20210422_20210722_MF100,2021,ARMS_RAVM2_20210422-20210722_MF100_A,first sequencing run,ARMS_RavMarina_RavM2_20210422_20210722_MF100_r1,ERR12541455,NA,ERR12541357,S515,N712,NA,NA,Sample,Nextera,Nextera,ERR12645922
5,August_2023,ARMS_RavMarina_RavM2_20210422_20210722_MF500,2021,ARMS_RAVM2_20210422-20210722_MF500_A,first sequencing run,ARMS_RavMarina_RavM2_20210422_20210722_MF500_r1,ERR12541456,NA,ERR12541358,S505,N711,NA,NA,Sample,Nextera,Nextera,ERR12645923
5,August_2023,ARMS_RavMarina_RavM2_20210422_20210722_SF40,2021,ARMS_RAVM2_20210422-20210722_SF40_A,first sequencing run,ARMS_RavMarina_RavM2_20210422_20210722_SF40_r1,ERR12541457,NA,ERR12541359,S506,N711,NA,NA,Sample,Nextera,Nextera,ERR12645924
5,August_2023,ARMS_RavMarina_RavM3_20210422_20210722_MF100,2021,ARMS_RAVM3_20210422-20210722_MF100_A,first sequencing run,ARMS_RavMarina_RavM3_20210422_20210722_MF100_r1,ERR12541458,NA,ERR12541360,S507,N711,NA,NA,Sample,Nextera,Nextera,ERR12645925
5,August_2023,ARMS_RavMarina_RavM3_20210422_20210722_MF500,2021,ARMS_RAVM3_20210422-20210722_MF500_A,first sequencing run,ARMS_RavMarina_RavM3_20210422_20210722_MF500_r1,ERR12541459,NA,ERR12541361,S508,N711,NA,NA,Sample,Nextera,Nextera,ERR12645926
5,August_2023,ARMS_RavMarina_RavM3_20210422_20210722_SF40,2021,ARMS_RAVM3_20210422-20210722_SF40_A,first sequencing run,ARMS_RavMarina_RavM3_20210422_20210722_SF40_r1,ERR12541460,NA,ERR12541362,S510,N711,NA,NA,Sample,Nextera,Nextera,ERR12645927
5,August_2023,ARMS_TZS_Spikarna_20200608_20201118_MF100_ETOH,2020,ARMS_TZS_SPIK_200608-201119_MF100_ETOH,first sequencing run,ARMS_TZS_Spikarna_20200608_20201118_MF100_ETOH_r1,ERR12541461,NA,ERR12541363,S511,N711,NA,NA,Sample,Nextera,Nextera,ERR12645928
5,August_2023,ARMS_TZS_Spikarna_20200608_20201118_MF500_ETOH,2020,ARMS_TZS_SPIK_200608-201119_MF500_ETOH,first sequencing run,ARMS_TZS_Spikarna_20200608_20201118_MF500_ETOH_r1,ERR12541462,NA,ERR12541364,S513,N711,NA,NA,Sample,Nextera,Nextera,ERR12645929
5,August_2023,ARMS_TZS_Spikarna_20200608_20201118_SF40_ETOH,2020,ARMS_TZS_SPIK_200608-201119_SF40_ETOH_A,first sequencing run,ARMS_TZS_Spikarna_20200608_20201118_SF40_ETOH_r1,ERR12541463,NA,ERR12541365,S515,N711,NA,NA,Sample,Nextera,Nextera,ERR12645930
5,August_2023,ARMS_Vigo_TorallaA_20200706_20201006_MF500,2020,2020_Toralla_JTBL_1,first sequencing run,ARMS_Vigo_TorallaA_20200706_20201006_MF500_r1,ERR12541464,NA,ERR12541366,S506,N710,NA,NA,Sample,Nextera,Nextera,ERR12645931
5,August_2023,ARMS_Vigo_TorallaA_20200706_20201006_SF40,2020,2020_Toralla_JTBL_1,first sequencing run,ARMS_Vigo_TorallaA_20200706_20201006_SF40_r1,ERR12541465,NA,ERR12541367,S507,N710,NA,NA,Sample,Nextera,Nextera,ERR12645932
5,August_2023,ARMS_Vigo_TorallaB_20200706_20201006_MF100,2020,2020_Toralla_JTBL_2,first sequencing run,ARMS_Vigo_TorallaB_20200706_20201006_MF100_r1,ERR12541466,NA,ERR12541368,S508,N710,NA,NA,Sample,Nextera,Nextera,ERR12645933
5,August_2023,ARMS_Vigo_TorallaB_20200706_20201006_MF500,2020,2020_Toralla_JTBL_2,first sequencing run,ARMS_Vigo_TorallaB_20200706_20201006_MF500_r1,ERR12541467,NA,ERR12541369,S510,N710,NA,NA,Sample,Nextera,Nextera,ERR12645934
5,August_2023,ARMS_Vigo_TorallaB_20200706_20201006_SF40,2020,2020_Toralla_JTBL_2,first sequencing run,ARMS_Vigo_TorallaB_20200706_20201006_SF40_r1,ERR12541468,NA,ERR12541370,S511,N710,NA,NA,Sample,Nextera,Nextera,ERR12645935
5,August_2023,ARMS_Vigo_TorallaC_20200706_20201006_MF500,2020,2020_Toralla_JTBL_3,first sequencing run,ARMS_Vigo_TorallaC_20200706_20201006_MF500_r1,ERR12541469,NA,ERR12541371,S515,N710,NA,NA,Sample,Nextera,Nextera,ERR12645936
5,August_2023,ARMS_Vigo_TorallaC_20200706_20201006_SF40,2020,2020_Toralla_JTBL_3,first sequencing run,ARMS_Vigo_TorallaC_20200706_20201006_SF40_r1,ERR12541470,NA,ERR12541372,S505,N707,NA,NA,Sample,Nextera,Nextera,ERR12645937
5,August_2023,ARMS_GulfOfPiran_BojaVida_20200611_20210728_SF40_DMSO,2020,ARMS DMSO Sessile 29/7/2021,first sequencing run,ARMS_GulfOfPiran_BojaVida_20200611_20210728_SF40_DMSO_r1,ERR12541411,NA,ERR12541313,S506,N707,NA,NA,Sample,Nextera,Nextera,ERR12645938
5,August_2023,ARMS_GulfOfPiran_BojaVida_20200611_20210728_MF40_DMSO,2020,ARMS DMSO Mobile ,first sequencing run,ARMS_GulfOfPiran_BojaVida_20200611_20210728_MF40_DMSO_r1,ERR12541410,NA,ERR12541312,S507,N707,NA,NA,Sample,Nextera,Nextera,ERR12645939
5,August_2023,ARMS_GulfOfPiran_LukaKP_20210622_20211027_MF40_DMSO,2021,ARMS LukaKP_A1_22.6.2021-27.10.2021 Mobile 28.10.2021,first sequencing run,ARMS_GulfOfPiran_LukaKP_20210622_20211027_MF40_DMSO_r1,ERR12541414,NA,ERR12541316,S508,N707,NA,NA,Sample,Nextera,Nextera,ERR12645940
5,August_2023,ARMS_GulfOfPiran_LukaKP_20210622_20211027_SF40_DMSO,2021,ARMS LukaKP_A1_22.6.2021-27.10.2021 Sessile DMSO 28.10.2021,first sequencing run,ARMS_GulfOfPiran_LukaKP_20210622_20211027_SF40_DMSO_r1,ERR12541415,NA,ERR12541317,S510,N707,NA,NA,Sample,Nextera,Nextera,ERR12645941
5,August_2023,ARMS_GulfOfPiran_LukaKP_20210223_20210622_SF40_DMSO,2021,ARMS Sessile DMSO 22/6/2021,first sequencing run,ARMS_GulfOfPiran_LukaKP_20210223_20210622_SF40_DMSO_r1,ERR12541413,NA,ERR12541315,S511,N707,NA,NA,Sample,Nextera,Nextera,ERR12645942
5,August_2023,ARMS_GulfOfPiran_LukaKP_20210223_20210622_MF40_DMSO,2021,ARMS Mobile Phase DMSO/NaCl 22/6/2021,first sequencing run,ARMS_GulfOfPiran_LukaKP_20210223_20210622_MF40_DMSO_r1,ERR12541412,NA,ERR12541314,S513,N707,NA,NA,Sample,Nextera,Nextera,ERR12645943
6,August_2023,Blank1,NA,NA,NA,Blank1NA,ERR12541481,NA,ERR12541383,S508,N728,NA,NA,Blank,Nextera,Nextera,ERR12645954
6,August_2023,Blank2,NA,NA,NA,Blank2NA,ERR12541482,NA,ERR12541384,S515,N707,NA,NA,Blank,Nextera,Nextera,ERR12645955
6,,,,,,,,,,,,,,,,,
6,,,,,,,,,,,,,,,,,
6,,,,,,,,,,,,,,,,,
6,,,,,,,,,,,,,,,,,
6,,,,,,,,,,,,,,,,,
6,,,,,,,,,,,,,,,,,
6,,,,,,,,,,,,,,,,,
6,,,,,,,,,,,,,,,,,
6,,,,,,,,,,,,,,,,,
6,,,,,,,,,,,,,,,,,
6,,,,,,,,,,,,,,,,,
6,,,,,,,,,,,,,,,,,
6,,,,,,,,,,,,,,,,,
6,,,,,,,,,,,,,,,,,
6,,,,,,,,,,,,,,,,,
6,,,,,,,,,,,,,,,,,
6,,,,,,,,,,,,,,,,,
6,,,,,,,,,,,,,,,,,
6,,,,,,,,,,,,,,,,,
6,,,,,,,,,,,,,,,,,
6,,,,,,,,,,,,,,,,,
6,,,,,,,,,,,,,,,,,
6,,,,,,,,,,,,,,,,,
6,,,,,,,,,,,,,,,,,
6,,,,,,,,,,,,,,,,,
7,,,,,,,,,,,,,,,,,
7,,,,,,,,,,,,,,,,,
7,,,,,,,,,,,,,,,,,
7,,,,,,,,,,,,,,,,,
7,,,,,,,,,,,,,,,,,
7,,,,,,,,,,,,,,,,,
7,,,,,,,,,,,,,,,,,
7,,,,,,,,,,,,,,,,,
7,,,,,,,,,,,,,,,,,
7,,,,,,,,,,,,,,,,,
7,,,,,,,,,,,,,,,,,
7,,,,,,,,,,,,,,,,,
7,,,,,,,,,,,,,,,,,
7,,,,,,,,,,,,,,,,,
7,,,,,,,,,,,,,,,,,
7,,,,,,,,,,,,,,,,,
7,,,,,,,,,,,,,,,,,
7,,,,,,,,,,,,,,,,,
7,,,,,,,,,,,,,,,,,
7,,,,,,,,,,,,,,,,,
7,,,,,,,,,,,,,,,,,
7,,,,,,,,,,,,,,,,,
7,,,,,,,,,,,,,,,,,
7,,,,,,,,,,,,,,,,,
7,,,,,,,,,,,,,,,,,
7,,,,,,,,,,,,,,,,,
7,,,,,,,,,,,,,,,,,
7,,,,,,,,,,,,,,,,,
7,,,,,,,,,,,,,,,,,
7,,,,,,,,,,,,,,,,,
7,,,,,,,,,,,,,,,,,
7,,,,,,,,,,,,,,,,,
7,,,,,,,,,,,,,,,,,
7,,,,,,,,,,,,,,,,,
7,,,,,,,,,,,,,,,,,
7,,,,,,,,,,,,,,,,,
7,,,,,,,,,,,,,,,,,
7,,,,,,,,,,,,,,,,,
7,,,,,,,,,,,,,,,,,
7,,,,,,,,,,,,,,,,,
7,,,,,,,,,,,,,,,,,
7,,,,,,,,,,,,,,,,,
7,,,,,,,,,,,,,,,,,
7,,,,,,,,,,,,,,,,,
7,,,,,,,,,,,,,,,,,
7,,,,,,,,,,,,,,,,,
7,,,,,,,,,,,,,,,,,
7,,,,,,,,,,,,,,,,,
7,,,,,,,,,,,,,,,,,
7,,,,,,,,,,,,,,,,,
7,,,,,,,,,,,,,,,,,
7,,,,,,,,,,,,,,,,,
7,,,,,,,,,,,,,,,,,
7,,,,,,,,,,,,,,,,,
7,,,,,,,,,,,,,,,,,
7,,,,,,,,,,,,,,,,,
7,,,,,,,,,,,,,,,,,
7,,,,,,,,,,,,,,,,,
7,,,,,,,,,,,,,,,,,
7,,,,,,,,,,,,,,,,,
7,,,,,,,,,,,,,,,,,
7,,,,,,,,,,,,,,,,,
7,,,,,,,,,,,,,,,,,
7,,,,,,,,,,,,,,,,,
7,,,,,,,,,,,,,,,,,
7,,,,,,,,,,,,,,,,,
7,,,,,,,,,,,,,,,,,
7,,,,,,,,,,,,,,,,,
7,,,,,,,,,,,,,,,,,
7,,,,,,,,,,,,,,,,,
7,,,,,,,,,,,,,,,,,
7,,,,,,,,,,,,,,,,,
7,,,,,,,,,,,,,,,,,
7,,,,,,,,,,,,,,,,,
7,,,,,,,,,,,,,,,,,
7,,,,,,,,,,,,,,,,,
7,,,,,,,,,,,,,,,,,
7,,,,,,,,,,,,,,,,,
7,,,,,,,,,,,,,,,,,
7,,,,,,,,,,,,,,,,,
7,,,,,,,,,,,,,,,,,
7,,,,,,,,,,,,,,,,,
7,,,,,,,,,,,,,,,,,
7,,,,,,,,,,,,,,,,,
7,,,,,,,,,,,,,,,,,
7,,,,,,,,,,,,,,,,,
7,,,,,,,,,,,,,,,,,
7,,,,,,,,,,,,,,,,,
7,,,,,,,,,,,,,,,,,
7,,,,,,,,,,,,,,,,,
7,,,,,,,,,,,,,,,,,
7,,,,,,,,,,,,,,,,,
7,,,,,,,,,,,,,,,,,
7,,,,,,,,,,,,,,,,,
7,,,,,,,,,,,,,,,,,
7,,,,,,,,,,,,,,,,,
7,,,,,,,,,,,,,,,,,
7,,,,,,,,,,,,,,,,,
