EventID,MaterialSampleID,Gene_COI,Gene_COI_negative_control,Gene_COI_demultiplexed,Gene_COI_comment,Gene_ITS,Gene_ITS_negative_control,Gene_ITS_demultiplexed,Gene_ITS_comment,Gene_18S,Gene_18S_negative_control,Gene_18S_demultiplexed,Gene_18S_comment,OriginalSampleID,SequencingRunRepeat,SequencingRunComment,SampleRep
ARMS_BelgiumCoast_AJJBC89_20210225_20210819,ARMS_BelgiumCoast_AJJBC89_20210225_20210819_MF100_r1_s1,ERR12541385,ERR12541482,MiSeq (indices) / cutadapt (primers),none,none,none,none,discontinued,ERR12541287,ERR12541384,MiSeq (indices) / cutadapt (primers),no successful amplification & unsuccessful sequencing: no OTUs/ASVs,ARMS_BelgiumCoast_JJ-BC89_20210225-20210819_MF100_DMSO_A,first sequencing run,,s1
ARMS_BelgiumCoast_AJJBC89_20210225_20210819,ARMS_BelgiumCoast_AJJBC89_20210225_20210819_MF500_r1_s1,ERR12541386,ERR12541482,MiSeq (indices) / cutadapt (primers),none,none,none,none,discontinued,ERR12541288,ERR12541384,MiSeq (indices) / cutadapt (primers),none,ARMS_BelgiumCoast_JJ-BC89_20210225-20210819_MF500_DMSO_A,first sequencing run,,s1
ARMS_BelgiumCoast_AJJBC89_20210225_20210819,ARMS_BelgiumCoast_AJJBC89_20210225_20210819_SF40_r1_s1,ERR12541387,ERR12541482,MiSeq (indices) / cutadapt (primers),none,none,none,none,discontinued,ERR12541289,ERR12541384,MiSeq (indices) / cutadapt (primers),none,ARMS_BelgiumCoast_JJ-BC89_20210225-20210819_SF40_DMSO_A,first sequencing run,,s1
ARMS_BelgiumCoast_AJJC81_20200506_20201012,ARMS_BelgiumCoast_AJJC81_20200506_20201012_MF100_r1_s1,ERR7125481,ERR7125534,MiSeq (indices) / cutadapt (primers),none,ERR7125482,ERR7125535,MiSeq (indices) / cutadapt (primers),none,ERR7125480,ERR7125533,MiSeq (indices) / cutadapt (primers),none,ARMS_BelgiumCoast_JJ-C8-1_200506-201012_MF100_DMSO_A,first sequencing run,,s1
ARMS_BelgiumCoast_AJJC81_20200506_20201012,ARMS_BelgiumCoast_AJJC81_20200506_20201012_MF500_r1_s1,ERR7125484,ERR7125534,MiSeq (indices) / cutadapt (primers),none,ERR7125485,ERR7125535,MiSeq (indices) / cutadapt (primers),none,ERR7125483,ERR7125533,MiSeq (indices) / cutadapt (primers),none,ARMS_BelgiumCoast_JJ-C8-1_200506-201012_MF500_DMSO_A,first sequencing run,,s1
ARMS_BelgiumCoast_AJJC86_20200506_20201012,ARMS_BelgiumCoast_AJJC86_20200506_20201012_MF100_r1_s1,ERR7125487,ERR7125534,MiSeq (indices) / cutadapt (primers),none,ERR7125488,ERR7125535,MiSeq (indices) / cutadapt (primers),none,ERR7125486,ERR7125533,MiSeq (indices) / cutadapt (primers),none,ARMS_BelgiumCoast_JJ-C8-6_200506-201012_MF100_DMSO_A,first sequencing run,,s1
ARMS_BelgiumCoast_AJJC86_20200506_20201012,ARMS_BelgiumCoast_AJJC86_20200506_20201012_MF500_r1_s1,ERR7125490,ERR7125534,MiSeq (indices) / cutadapt (primers),none,ERR7125491,ERR7125535,MiSeq (indices) / cutadapt (primers),none,ERR7125489,ERR7125533,MiSeq (indices) / cutadapt (primers),none,ARMS_BelgiumCoast_JJ-C8-6_200506-201012_MF500_DMSO_A,first sequencing run,,s1
ARMS_BelgiumCoast_AJJCD78_20200506_20201012,ARMS_BelgiumCoast_AJJCD78_20200506_20201012_MF100_r1_s1,ERR7125493,ERR7125534,MiSeq (indices) / cutadapt (primers),none,ERR7125494,ERR7125535,MiSeq (indices) / cutadapt (primers),none,ERR7125492,ERR7125533,MiSeq (indices) / cutadapt (primers),none,ARMS_BelgiumCoast_JJ-CD78_200506-201012_MF100_DMSO_A,first sequencing run,,s1
ARMS_BelgiumCoast_AJJCD78_20200506_20201012,ARMS_BelgiumCoast_AJJCD78_20200506_20201012_MF500_r1_s1,ERR12541388,ERR12541482,MiSeq (indices) / cutadapt (primers),none,none,none,none,discontinued,ERR12541290,ERR12541384,MiSeq (indices) / cutadapt (primers),none,ARMS_BelgiumCoast_JJ-CD78_200506-201012_MF500_DMSO_A,first sequencing run,,s1
ARMS_BelgiumCoast_AJJCD78_20210225_20210819,ARMS_BelgiumCoast_AJJCD78_20210225_20210819_MF100_r1_s1,ERR12541389,ERR12541482,MiSeq (indices) / cutadapt (primers),none,none,none,none,discontinued,ERR12541291,ERR12541384,MiSeq (indices) / cutadapt (primers),none,ARMS_BelgiumCoast_JJ-CD78_20210225-20210819_MF100_DMSO_A,first sequencing run,,s1
ARMS_BelgiumCoast_AJJCD78_20210225_20210819,ARMS_BelgiumCoast_AJJCD78_20210225_20210819_MF500_r1_s1,ERR12541390,ERR12541482,MiSeq (indices) / cutadapt (primers),none,none,none,none,discontinued,ERR12541292,ERR12541384,MiSeq (indices) / cutadapt (primers),none,ARMS_BelgiumCoast_JJ-CD78_20210225-20210819_MF500_DMSO_A,first sequencing run,,s1
ARMS_BelgiumCoast_AJJCD78_20210225_20210819,ARMS_BelgiumCoast_AJJCD78_20210225_20210819_SF40_r1_s1,ERR12541391,ERR12541482,MiSeq (indices) / cutadapt (primers),none,none,none,none,discontinued,ERR12541293,ERR12541384,MiSeq (indices) / cutadapt (primers),none,ARMS_BelgiumCoast_JJ-CD78_20210225-20210819_SF40_DMSO_A,first sequencing run,,s1
ARMS_BelgiumCoast_AJJCD89_20210225_20210819,ARMS_BelgiumCoast_AJJCD89_20210225_20210819_MF100_r1_s1,ERR12541392,ERR12541482,MiSeq (indices) / cutadapt (primers),none,none,none,none,discontinued,ERR12541294,ERR12541384,MiSeq (indices) / cutadapt (primers),none,ARMS_BelgiumCoast_JJ-CD89_20210225-20210819_MF100_DMSO_A,first sequencing run,,s1
ARMS_BelgiumCoast_AJJCD89_20210225_20210819,ARMS_BelgiumCoast_AJJCD89_20210225_20210819_MF500_r1_s1,ERR12541393,ERR12541482,MiSeq (indices) / cutadapt (primers),none,none,none,none,discontinued,ERR12541295,ERR12541384,MiSeq (indices) / cutadapt (primers),none,ARMS_BelgiumCoast_JJ-CD89_20210225-20210819_MF500_DMSO_A,first sequencing run,,s1
ARMS_BelgiumCoast_AJJCD89_20210225_20210819,ARMS_BelgiumCoast_AJJCD89_20210225_20210819_SF40_r1_s1,ERR12541394,ERR12541482,MiSeq (indices) / cutadapt (primers),none,none,none,none,discontinued,ERR12541296,ERR12541384,MiSeq (indices) / cutadapt (primers),none,ARMS_BelgiumCoast_JJ-CD89_20210225-20210819_SF40_DMSO_A,first sequencing run,,s1
ARMS_BelgiumCoast_BirkenfelsA_20200617_20210309,ARMS_BelgiumCoast_BirkenfelsA_20200617_20210309_MF500_r1_s1,ERR12541395,ERR12541482,MiSeq (indices) / cutadapt (primers),none,none,none,none,discontinued,ERR12541297,ERR12541384,MiSeq (indices) / cutadapt (primers),none,ARMS_BelgiumCoast_Birkenfels-A_20200617-20210309_MF500_DMSO_A,first sequencing run,,s1
ARMS_BelgiumCoast_BirkenfelsA_20200617_20210309,ARMS_BelgiumCoast_BirkenfelsA_20200617_20210309_SF40_r1_s1,ERR12541396,ERR12541482,MiSeq (indices) / cutadapt (primers),none,none,none,none,discontinued,ERR12541298,ERR12541384,MiSeq (indices) / cutadapt (primers),none,ARMS_BelgiumCoast_Birkenfels-A_20200617-20210309_SF40_DMSO_A,first sequencing run,,s1
ARMS_BelgiumCoast_BirkenfelsB_20200617_20210309,ARMS_BelgiumCoast_BirkenfelsB_20200617_20210309_MF100_r1_s1,ERR12541397,ERR12541482,MiSeq (indices) / cutadapt (primers),none,none,none,none,discontinued,ERR12541299,ERR12541384,MiSeq (indices) / cutadapt (primers),none,ARMS_BelgiumCoast_Birkenfels-B_20200617-20210309_MF100_DMSO_A,first sequencing run,,s1
ARMS_BelgiumCoast_BirkenfelsB_20200617_20210309,ARMS_BelgiumCoast_BirkenfelsB_20200617_20210309_SF40_r1_s1,ERR12541398,ERR12541482,MiSeq (indices) / cutadapt (primers),none,none,none,none,discontinued,ERR12541300,ERR12541384,MiSeq (indices) / cutadapt (primers),none,ARMS_BelgiumCoast_Birkenfels-B_20200617-20210309_SF40_DMSO_A,first sequencing run,,s1
ARMS_BelgiumCoast_CoastbustersA_20210422_20211008,ARMS_BelgiumCoast_CoastbustersA_20210422_20211008_MF100_r1_s1,ERR12541399,ERR12541482,MiSeq (indices) / cutadapt (primers),none,none,none,none,discontinued,ERR12541301,ERR12541384,MiSeq (indices) / cutadapt (primers),none,ARMS_BelgiumCoast_CoastbustersA_20210422-20211008_MF100_DMSO_A,first sequencing run,,s1
ARMS_BelgiumCoast_CoastbustersA_20210422_20211008,ARMS_BelgiumCoast_CoastbustersA_20210422_20211008_SF40_r1_s1,ERR12541400,ERR12541482,MiSeq (indices) / cutadapt (primers),none,none,none,none,discontinued,ERR12541302,ERR12541384,MiSeq (indices) / cutadapt (primers),none,ARMS_BelgiumCoast_CoastbustersA_20210422-20211008_SF40_DMSO_A,first sequencing run,,s1
ARMS_Crete_1HERP_20200903_20210122,ARMS_Crete_1HERP_20200903_20210122_MF500_r1_s1,ERR7125564,ERR7125534,MiSeq (indices) / cutadapt (primers),none,ERR7125565,ERR7125535,MiSeq (indices) / cutadapt (primers),none,ERR7125563,ERR7125533,MiSeq (indices) / cutadapt (primers),none,ARMS5_200903-210122_Motile_500,first sequencing run,,s1
ARMS_Crete_1HERP_20200903_20210122,ARMS_Crete_1HERP_20200903_20210122_MF90_r1_s1,ERR7125567,ERR7125534,MiSeq (indices) / cutadapt (primers),none,ERR7125568,ERR7125535,MiSeq (indices) / cutadapt (primers),none,ERR7125566,ERR7125533,MiSeq (indices) / cutadapt (primers),none,ARMS5_200903-210122_Motile_90,first sequencing run,,s1
ARMS_Crete_1HERP_20200903_20210122,ARMS_Crete_1HERP_20200903_20210122_SF_r1_s1,ERR7125570,ERR7125534,MiSeq (indices) / cutadapt (primers),none,ERR7125571,ERR7125535,MiSeq (indices) / cutadapt (primers),none,ERR7125569,ERR7125533,MiSeq (indices) / cutadapt (primers),none,ARMS5_200903-210122_Sessile,first sequencing run,,s1
ARMS_Galway_Gurr1_20200721_20210708,ARMS_Galway_Gurr1_20200721_20210708_MF100_r1_s1,ERR12541401,ERR12541482,MiSeq (indices) / cutadapt (primers),none,none,none,none,discontinued,ERR12541303,ERR12541384,MiSeq (indices) / cutadapt (primers),none,ARMS_Galway_Gurr1_200721-210708_MF100A,first sequencing run,,s1
ARMS_Galway_Gurr1_20200721_20210708,ARMS_Galway_Gurr1_20200721_20210708_MF500_r1_s1,ERR12541402,ERR12541482,MiSeq (indices) / cutadapt (primers),none,none,none,none,discontinued,ERR12541304,ERR12541384,MiSeq (indices) / cutadapt (primers),none,ARMS_Galway_Gurr1_200721-210708_MF500A,first sequencing run,,s1
ARMS_Galway_Gurr1_20200721_20210708,ARMS_Galway_Gurr1_20200721_20210708_SF40_r1_s1,ERR12541403,ERR12541482,MiSeq (indices) / cutadapt (primers),none,none,none,none,discontinued,ERR12541305,ERR12541384,MiSeq (indices) / cutadapt (primers),none,ARMS_Galway_Gurr1_200721-210708_SF40A,first sequencing run,,s1
ARMS_Galway_Gurr2_20200721_20210707,ARMS_Galway_Gurr2_20200721_20210707_MF100_r1_s1,ERR12541404,ERR12541482,MiSeq (indices) / cutadapt (primers),none,none,none,none,discontinued,ERR12541306,ERR12541384,MiSeq (indices) / cutadapt (primers),none,ARMS_Galway_Gurr2_200721-210707_MF100A,first sequencing run,,s1
ARMS_Galway_Gurr2_20200721_20210707,ARMS_Galway_Gurr2_20200721_20210707_MF500_r1_s1,ERR12541405,ERR12541482,MiSeq (indices) / cutadapt (primers),none,none,none,none,discontinued,ERR12541307,ERR12541384,MiSeq (indices) / cutadapt (primers),none,ARMS_Galway_Gurr2_200721-210707_MF500A,first sequencing run,,s1
ARMS_Galway_Gurr2_20200721_20210707,ARMS_Galway_Gurr2_20200721_20210707_SF40_r1_s1,ERR12541406,ERR12541482,MiSeq (indices) / cutadapt (primers),none,none,none,none,discontinued,ERR12541308,ERR12541384,MiSeq (indices) / cutadapt (primers),none,ARMS_Galway_Gurr2_200721-210707_SF40A,first sequencing run,,s1
ARMS_Galway_Gurr3_20200723_20210708,ARMS_Galway_Gurr3_20200723_20210708_MF100_r1_s1,ERR12541407,ERR12541482,MiSeq (indices) / cutadapt (primers),none,none,none,none,discontinued,ERR12541309,ERR12541384,MiSeq (indices) / cutadapt (primers),none,ARMS_Galway_Gurr3_200723-210708_MF100A,first sequencing run,,s1
ARMS_Galway_Gurr3_20200723_20210708,ARMS_Galway_Gurr3_20200723_20210708_MF500_r1_s1,ERR12541408,ERR12541482,MiSeq (indices) / cutadapt (primers),none,none,none,none,discontinued,ERR12541310,ERR12541384,MiSeq (indices) / cutadapt (primers),none,ARMS_Galway_Gurr3_200723-210708_MF500A,first sequencing run,,s1
ARMS_Galway_Gurr3_20200723_20210708,ARMS_Galway_Gurr3_20200723_20210708_SF40_r1_s1,ERR12541409,ERR12541482,MiSeq (indices) / cutadapt (primers),none,none,none,none,discontinued,ERR12541311,ERR12541384,MiSeq (indices) / cutadapt (primers),none,ARMS_Galway_Gurr3_200723-210708_SF40A,first sequencing run,,s1
ARMS_Getxo_G1_20200624_20201103,ARMS_Getxo_G1_20200624_20201103_MF100_r1_s1,ERR7127667,ERR7125534,MiSeq (indices) / cutadapt (primers),none,ERR7127668,ERR7125535,MiSeq (indices) / cutadapt (primers),none,ERR7127666,ERR7125533,MiSeq (indices) / cutadapt (primers),none,Getxo-G1-MF100-A-B-C-DMSO,first sequencing run,,s1
ARMS_Getxo_G1_20200624_20201103,ARMS_Getxo_G1_20200624_20201103_MF500_r1_s1,ERR7127670,ERR7125534,MiSeq (indices) / cutadapt (primers),none,ERR7127671,ERR7125535,MiSeq (indices) / cutadapt (primers),none,ERR7127669,ERR7125533,MiSeq (indices) / cutadapt (primers),none,Getxo-G1-MF500-A-B-C-DMSO,first sequencing run,,s1
ARMS_Getxo_G1_20200624_20201103,ARMS_Getxo_G1_20200624_20201103_SF40_r1_s1,ERR7127673,ERR7125534,MiSeq (indices) / cutadapt (primers),none,ERR7127674,ERR7125535,MiSeq (indices) / cutadapt (primers),none,ERR7127672,ERR7125533,MiSeq (indices) / cutadapt (primers),none,Getxo-G1-SF40-A-B-C-DMSO,first sequencing run,,s1
ARMS_Getxo_G2_20200624_20201103,ARMS_Getxo_G2_20200624_20201103_MF100_r1_s1,ERR7127679,ERR7125534,MiSeq (indices) / cutadapt (primers),none,ERR7127680,ERR7125535,MiSeq (indices) / cutadapt (primers),none,ERR7127678,ERR7125533,MiSeq (indices) / cutadapt (primers),none,Getxo-G2-MF100-A-B-C-DMSO,first sequencing run,,s1
ARMS_Getxo_G2_20200624_20201103,ARMS_Getxo_G2_20200624_20201103_SF40_r1_s1,ERR7127682,ERR7125534,MiSeq (indices) / cutadapt (primers),none,ERR7127683,ERR7125535,MiSeq (indices) / cutadapt (primers),none,ERR7127681,ERR7125533,MiSeq (indices) / cutadapt (primers),none,Getxo-G2-SF40-A-B-C-DMSO,first sequencing run,,s1
ARMS_Getxo_G3_20200624_20201103,ARMS_Getxo_G3_20200624_20201103_MF100_r1_s1,ERR7127685,ERR7125534,MiSeq (indices) / cutadapt (primers),none,ERR7127686,ERR7125535,MiSeq (indices) / cutadapt (primers),none,ERR7127684,ERR7125533,MiSeq (indices) / cutadapt (primers),none,Getxo-G3-MF100-A-B-C-DMSO,first sequencing run,,s1
ARMS_Getxo_G3_20200624_20201103,ARMS_Getxo_G3_20200624_20201103_SF40_r1_s1,ERR7127688,ERR7125534,MiSeq (indices) / cutadapt (primers),none,ERR7127689,ERR7125535,MiSeq (indices) / cutadapt (primers),none,ERR7127687,ERR7125533,MiSeq (indices) / cutadapt (primers),none,Getxo-G3-SF40-A-B-C-DMSO,first sequencing run,,s1
ARMS_GulfOfPiran_BojaVida_20200611_20210728,ARMS_GulfOfPiran_BojaVida_20200611_20210728_MF40_r1_s1,ERR12541410,ERR12541482,MiSeq (indices) / cutadapt (primers),none,none,none,none,discontinued,ERR12541312,ERR12541384,MiSeq (indices) / cutadapt (primers),none,ARMS DMSO Mobile ,first sequencing run,,s1
ARMS_GulfOfPiran_BojaVida_20200611_20210728,ARMS_GulfOfPiran_BojaVida_20200611_20210728_SF40_r1_s1,ERR12541411,ERR12541482,MiSeq (indices) / cutadapt (primers),none,none,none,none,discontinued,ERR12541313,ERR12541384,MiSeq (indices) / cutadapt (primers),none,ARMS DMSO Sessile 29/7/2021,first sequencing run,,s1
ARMS_GulfOfPiran_LukaKP_20210223_20210622,ARMS_GulfOfPiran_LukaKP_20210223_20210622_MF40_r1_s1,ERR12541412,ERR12541482,MiSeq (indices) / cutadapt (primers),none,none,none,none,discontinued,ERR12541314,ERR12541384,MiSeq (indices) / cutadapt (primers),none,ARMS Mobile Phase DMSO/NaCl 22/6/2021,first sequencing run,,s1
ARMS_GulfOfPiran_LukaKP_20210223_20210622,ARMS_GulfOfPiran_LukaKP_20210223_20210622_SF40_r1_s1,ERR12541413,ERR12541482,MiSeq (indices) / cutadapt (primers),none,none,none,none,discontinued,ERR12541315,ERR12541384,MiSeq (indices) / cutadapt (primers),none,ARMS Sessile DMSO 22/6/2021,first sequencing run,,s1
ARMS_GulfOfPiran_LukaKP_20210622_20211027,ARMS_GulfOfPiran_LukaKP_20210622_20211027_MF40_r1_s1,ERR12541414,ERR12541482,MiSeq (indices) / cutadapt (primers),none,none,none,none,discontinued,ERR12541316,ERR12541384,MiSeq (indices) / cutadapt (primers),none,ARMS LukaKP_A1_22.6.2021-27.10.2021 Mobile 28.10.2021,first sequencing run,,s1
ARMS_GulfOfPiran_LukaKP_20210622_20211027,ARMS_GulfOfPiran_LukaKP_20210622_20211027_SF40_r1_s1,ERR12541415,ERR12541482,MiSeq (indices) / cutadapt (primers),none,none,none,none,discontinued,ERR12541317,ERR12541384,MiSeq (indices) / cutadapt (primers),none,ARMS LukaKP_A1_22.6.2021-27.10.2021 Sessile DMSO 28.10.2021,first sequencing run,,s1
ARMS_Koster_VH1_20200716_20210608,ARMS_Koster_VH1_20200716_20210608_MF100_r1_s1,ERR12541416,ERR12541482,MiSeq (indices) / cutadapt (primers),none,none,none,none,discontinued,ERR12541318,ERR12541384,MiSeq (indices) / cutadapt (primers),none,ARMS_Koster_VH1_20200716_20210608_MF100_A,first sequencing run,,s1
ARMS_Koster_VH1_20200716_20210608,ARMS_Koster_VH1_20200716_20210608_MF500_r1_s1,ERR12541417,ERR12541482,MiSeq (indices) / cutadapt (primers),none,none,none,none,discontinued,ERR12541319,ERR12541384,MiSeq (indices) / cutadapt (primers),none,ARMS_Koster_VH1_20200716_20210608_MF500_A,first sequencing run,,s1
ARMS_Koster_VH1_20200716_20210608,ARMS_Koster_VH1_20200716_20210608_SF40_r1_s1,ERR12541418,ERR12541482,MiSeq (indices) / cutadapt (primers),none,none,none,none,discontinued,ERR12541320,ERR12541384,MiSeq (indices) / cutadapt (primers),none,ARMS_Koster_VH1_20200716_20210608_SF40_A,first sequencing run,,s1
ARMS_Koster_VH2_20200716_20210608,ARMS_Koster_VH2_20200716_20210608_MF100_r1_s1,ERR12541419,ERR12541482,MiSeq (indices) / cutadapt (primers),none,none,none,none,discontinued,ERR12541321,ERR12541384,MiSeq (indices) / cutadapt (primers),none,ARMS_Koster_VH2_20200716_20210608_MF100_Î‘,first sequencing run,,s1
ARMS_Koster_VH2_20200716_20210608,ARMS_Koster_VH2_20200716_20210608_MF500_r1_s1,ERR12541420,ERR12541482,MiSeq (indices) / cutadapt (primers),none,none,none,none,discontinued,ERR12541322,ERR12541384,MiSeq (indices) / cutadapt (primers),none,ARMS_Koster_VH2_20200716_20210608_MF500_A,first sequencing run,,s1
ARMS_Koster_VH2_20200716_20210608,ARMS_Koster_VH2_20200716_20210608_SF40_r1_s1,ERR12541421,ERR12541482,MiSeq (indices) / cutadapt (primers),none,none,none,none,discontinued,ERR12541323,ERR12541384,MiSeq (indices) / cutadapt (primers),none,ARMS_Koster_VH2_20200716_20210608_SF40_A,first sequencing run,,s1
ARMS_Koster_VH3_20200716_20210608,ARMS_Koster_VH3_20200716_20210608_MF100_r1_s1,ERR12541422,ERR12541482,MiSeq (indices) / cutadapt (primers),none,none,none,none,discontinued,ERR12541324,ERR12541384,MiSeq (indices) / cutadapt (primers),none,ARMS_Koster_VH3_20200716_20210608_MF100_A,first sequencing run,,s1
ARMS_Koster_VH3_20200716_20210608,ARMS_Koster_VH3_20200716_20210608_MF500_r1_s1,ERR12541423,ERR12541482,MiSeq (indices) / cutadapt (primers),none,none,none,none,discontinued,ERR12541325,ERR12541384,MiSeq (indices) / cutadapt (primers),none,ARMS_Koster_VH3_20200716_20210608_MF500_A,first sequencing run,,s1
ARMS_Koster_VH3_20200716_20210608,ARMS_Koster_VH3_20200716_20210608_SF40_r1_s1,ERR12541424,ERR12541482,MiSeq (indices) / cutadapt (primers),none,none,none,none,discontinued,ERR12541326,ERR12541384,MiSeq (indices) / cutadapt (primers),none,ARMS_Koster_VH3_20200716_20210608_SF40_A,first sequencing run,,s1
ARMS_Limfjord_Green33_20201110_20211115,ARMS_Limfjord_Green33_20201110_20211115_MF100_r1_s1,ERR12541425,ERR12541482,MiSeq (indices) / cutadapt (primers),none,none,none,none,discontinued,ERR12541327,ERR12541384,MiSeq (indices) / cutadapt (primers),none,ARMS_Limfjord1_201110-211115_MF100_A,first sequencing run,,s1
ARMS_Limfjord_Green33_20201110_20211115,ARMS_Limfjord_Green33_20201110_20211115_MF500_r1_s1,ERR12541426,ERR12541482,MiSeq (indices) / cutadapt (primers),none,none,none,none,discontinued,ERR12541328,ERR12541384,MiSeq (indices) / cutadapt (primers),none,ARMS_ Limfjord1_201110-211115_MF500_A,first sequencing run,,s1
ARMS_Limfjord_Green33_20201110_20211115,ARMS_Limfjord_Green33_20201110_20211115_SF40_r1_s1,ERR12541427,ERR12541482,MiSeq (indices) / cutadapt (primers),none,none,none,none,discontinued,ERR12541329,ERR12541384,MiSeq (indices) / cutadapt (primers),none,ARMS_ Limfjord1_201110-211115_SF40_A,first sequencing run,,s1
ARMS_Limfjord_Red2_20201110_20211115,ARMS_Limfjord_Red2_20201110_20211115_MF100_r1_s1,ERR12541431,ERR12541482,MiSeq (indices) / cutadapt (primers),none,none,none,none,discontinued,ERR12541333,ERR12541384,MiSeq (indices) / cutadapt (primers),none,ARMS_Limfjord3_201110-211115_MF100_A,first sequencing run,,s1
ARMS_Limfjord_Red2_20201110_20211115,ARMS_Limfjord_Red2_20201110_20211115_MF500_r1_s1,ERR12541432,ERR12541482,MiSeq (indices) / cutadapt (primers),none,none,none,none,discontinued,ERR12541334,ERR12541384,MiSeq (indices) / cutadapt (primers),none,ARMS_ Limfjord3_201110-211115_MF500_A,first sequencing run,,s1
ARMS_Limfjord_Red2_20201110_20211115,ARMS_Limfjord_Red2_20201110_20211115_SF40_r1_s1,ERR12541433,ERR12541482,MiSeq (indices) / cutadapt (primers),none,none,none,none,discontinued,ERR12541335,ERR12541384,MiSeq (indices) / cutadapt (primers),none,ARMS_ Limfjord3_201110-211115_SF40_A,first sequencing run,,s1
ARMS_Limfjord_Yellow8_20201110_20211115,ARMS_Limfjord_Yellow8_20201110_20211115_MF100_r1_s1,ERR12541428,ERR12541482,MiSeq (indices) / cutadapt (primers),none,none,none,none,discontinued,ERR12541330,ERR12541384,MiSeq (indices) / cutadapt (primers),none,ARMS_Limfjord2_201110-211115_MF100_A,first sequencing run,,s1
ARMS_Limfjord_Yellow8_20201110_20211115,ARMS_Limfjord_Yellow8_20201110_20211115_MF500_r1_s1,ERR12541429,ERR12541482,MiSeq (indices) / cutadapt (primers),none,none,none,none,discontinued,ERR12541331,ERR12541384,MiSeq (indices) / cutadapt (primers),none,ARMS_ Limfjord2_201110-211115_MF500_A,first sequencing run,,s1
ARMS_Limfjord_Yellow8_20201110_20211115,ARMS_Limfjord_Yellow8_20201110_20211115_SF40_r1_s1,ERR12541430,ERR12541482,MiSeq (indices) / cutadapt (primers),none,none,none,none,discontinued,ERR12541332,ERR12541384,MiSeq (indices) / cutadapt (primers),none,ARMS_ Limfjord2_201110-211115_SF40_A,first sequencing run,,s1
ARMS_Plymouth_MBA1A_20200717_20200921,ARMS_Plymouth_MBA1A_20200717_20200921_MF100_r1_s1,ERR12541434,ERR12541482,MiSeq (indices) / cutadapt (primers),none,none,none,none,discontinued,ERR12541336,ERR12541384,MiSeq (indices) / cutadapt (primers),none,ARMS1A_200717-200921_MF100_DMSO,first sequencing run,,s1
ARMS_Plymouth_MBA1A_20200717_20200921,ARMS_Plymouth_MBA1A_20200717_20200921_MF500_r1_s1,ERR12541435,ERR12541482,MiSeq (indices) / cutadapt (primers),none,none,none,none,discontinued,ERR12541337,ERR12541384,MiSeq (indices) / cutadapt (primers),none,ARMS1A_200717-200921_MF500_DMSO,first sequencing run,,s1
ARMS_Plymouth_MBA1A_20200717_20200921,ARMS_Plymouth_MBA1A_20200717_20200921_SF40_r1_s1,ERR12541436,ERR12541482,MiSeq (indices) / cutadapt (primers),none,none,none,none,discontinued,ERR12541338,ERR12541384,MiSeq (indices) / cutadapt (primers),none,ARMS1A_200717-200921_SF_DMSO,first sequencing run,,s1
ARMS_Plymouth_MBA1B_20200717_20200922,ARMS_Plymouth_MBA1B_20200717_20200922_MF100_r1_s1,ERR12541437,ERR12541482,MiSeq (indices) / cutadapt (primers),none,none,none,none,discontinued,ERR12541339,ERR12541384,MiSeq (indices) / cutadapt (primers),none,ARMS1B_200717-200922_MF100_DMSO,first sequencing run,,s1
ARMS_Plymouth_MBA1B_20200717_20200922,ARMS_Plymouth_MBA1B_20200717_20200922_MF500_r1_s1,ERR12541438,ERR12541482,MiSeq (indices) / cutadapt (primers),none,none,none,none,discontinued,ERR12541340,ERR12541384,MiSeq (indices) / cutadapt (primers),none,ARMS1B_200717-200922_MF500_DMSO,first sequencing run,,s1
ARMS_Plymouth_MBA1B_20200717_20200922,ARMS_Plymouth_MBA1B_20200717_20200922_SF40_r1_s1,ERR12541439,ERR12541482,MiSeq (indices) / cutadapt (primers),none,none,none,none,discontinued,ERR12541341,ERR12541384,MiSeq (indices) / cutadapt (primers),none,ARMS1B_200717-200922_SF_DMSO,first sequencing run,,s1
ARMS_Plymouth_MBA1C_20200717_20200923,ARMS_Plymouth_MBA1C_20200717_20200923_MF100_r1_s1,ERR12541440,ERR12541482,MiSeq (indices) / cutadapt (primers),none,none,none,none,discontinued,ERR12541342,ERR12541384,MiSeq (indices) / cutadapt (primers),none,ARMS1C_200717-200923_MF100_DMSO,first sequencing run,,s1
ARMS_Plymouth_MBA1C_20200717_20200923,ARMS_Plymouth_MBA1C_20200717_20200923_MF500_r1_s1,ERR12541441,ERR12541482,MiSeq (indices) / cutadapt (primers),none,none,none,none,discontinued,ERR12541343,ERR12541384,MiSeq (indices) / cutadapt (primers),none,ARMS1C_200717-200923_MF500_DMSO,first sequencing run,,s1
ARMS_Plymouth_MBA1C_20200717_20200923,ARMS_Plymouth_MBA1C_20200717_20200923_SF40_r1_s1,ERR12541442,ERR12541482,MiSeq (indices) / cutadapt (primers),none,none,none,none,discontinued,ERR12541344,ERR12541384,MiSeq (indices) / cutadapt (primers),none,ARMS1C_200717-200923_SF_DMSO,first sequencing run,,s1
ARMS_RavHarbour_RavH1_20210422_20210722,ARMS_RavHarbour_RavH1_20210422_20210722_MF100_r1_s1,ERR12541443,ERR12541482,MiSeq (indices) / cutadapt (primers),none,none,none,none,discontinued,ERR12541345,ERR12541384,MiSeq (indices) / cutadapt (primers),none,ARMS_RAVH1_20210422-20210722_MF100_A,first sequencing run,,s1
ARMS_RavHarbour_RavH1_20210422_20210722,ARMS_RavHarbour_RavH1_20210422_20210722_MF500_r1_s1,ERR12541444,ERR12541482,MiSeq (indices) / cutadapt (primers),none,none,none,none,discontinued,ERR12541346,ERR12541384,MiSeq (indices) / cutadapt (primers),none,ARMS_RAVH1_20210422-20210722_MF500_A,first sequencing run,,s1
ARMS_RavHarbour_RavH1_20210422_20210722,ARMS_RavHarbour_RavH1_20210422_20210722_SF40_r1_s1,ERR12541445,ERR12541482,MiSeq (indices) / cutadapt (primers),none,none,none,none,discontinued,ERR12541347,ERR12541384,MiSeq (indices) / cutadapt (primers),none,ARMS_RAVH1_20210422-20210722_SF40_A,first sequencing run,,s1
ARMS_RavHarbour_RavH2_20210422_20210722,ARMS_RavHarbour_RavH2_20210422_20210722_MF100_r1_s1,ERR12541446,ERR12541482,MiSeq (indices) / cutadapt (primers),none,none,none,none,discontinued,ERR12541348,ERR12541384,MiSeq (indices) / cutadapt (primers),none,ARMS_RAVH2_20210422-20210722_MF100_A,first sequencing run,,s1
ARMS_RavHarbour_RavH2_20210422_20210722,ARMS_RavHarbour_RavH2_20210422_20210722_MF500_r1_s1,ERR12541447,ERR12541482,MiSeq (indices) / cutadapt (primers),none,none,none,none,discontinued,ERR12541349,ERR12541384,MiSeq (indices) / cutadapt (primers),none,ARMS_RAVH2_20210422-20210722_MF500_A,first sequencing run,,s1
ARMS_RavHarbour_RavH2_20210422_20210722,ARMS_RavHarbour_RavH2_20210422_20210722_SF40_r1_s1,ERR12541448,ERR12541482,MiSeq (indices) / cutadapt (primers),none,none,none,none,discontinued,ERR12541350,ERR12541384,MiSeq (indices) / cutadapt (primers),none,ARMS_RAVH2_20210422-20210722_SF40_A,first sequencing run,,s1
ARMS_RavHarbour_RavH3_20210422_20210722,ARMS_RavHarbour_RavH3_20210422_20210722_MF100_r1_s1,ERR12541449,ERR12541482,MiSeq (indices) / cutadapt (primers),none,none,none,none,discontinued,ERR12541351,ERR12541384,MiSeq (indices) / cutadapt (primers),none,ARMS_RAVH3_20210422-20210722_MF100_A,first sequencing run,,s1
ARMS_RavHarbour_RavH3_20210422_20210722,ARMS_RavHarbour_RavH3_20210422_20210722_MF500_r1_s1,ERR12541450,ERR12541482,MiSeq (indices) / cutadapt (primers),none,none,none,none,discontinued,ERR12541352,ERR12541384,MiSeq (indices) / cutadapt (primers),none,ARMS_RAVH3_20210422-20210722_MF500_A,first sequencing run,,s1
ARMS_RavHarbour_RavH3_20210422_20210722,ARMS_RavHarbour_RavH3_20210422_20210722_SF40_r1_s1,ERR12541451,ERR12541482,MiSeq (indices) / cutadapt (primers),none,none,none,none,discontinued,ERR12541353,ERR12541384,MiSeq (indices) / cutadapt (primers),none,ARMS_RAVH3_20210422-20210722_SF40_A,first sequencing run,,s1
ARMS_RavMarina_RavM1_20210422_20210722,ARMS_RavMarina_RavM1_20210422_20210722_MF100_r1_s1,ERR12541452,ERR12541482,MiSeq (indices) / cutadapt (primers),none,none,none,none,discontinued,ERR12541354,ERR12541384,MiSeq (indices) / cutadapt (primers),none,ARMS_RAVM1_20210422-20210722_MF100_A,first sequencing run,,s1
ARMS_RavMarina_RavM1_20210422_20210722,ARMS_RavMarina_RavM1_20210422_20210722_MF500_r1_s1,ERR12541453,ERR12541482,MiSeq (indices) / cutadapt (primers),none,none,none,none,discontinued,ERR12541355,ERR12541384,MiSeq (indices) / cutadapt (primers),none,ARMS_RAVM1_20210422-20210722_MF500_A,first sequencing run,,s1
ARMS_RavMarina_RavM1_20210422_20210722,ARMS_RavMarina_RavM1_20210422_20210722_SF40_r1_s1,ERR12541454,ERR12541482,MiSeq (indices) / cutadapt (primers),none,none,none,none,discontinued,ERR12541356,ERR12541384,MiSeq (indices) / cutadapt (primers),none,ARMS_RAVM1_20210422-20210722_SF40_A,first sequencing run,,s1
ARMS_RavMarina_RavM2_20210422_20210722,ARMS_RavMarina_RavM2_20210422_20210722_MF100_r1_s1,ERR12541455,ERR12541482,MiSeq (indices) / cutadapt (primers),none,none,none,none,discontinued,ERR12541357,ERR12541384,MiSeq (indices) / cutadapt (primers),none,ARMS_RAVM2_20210422-20210722_MF100_A,first sequencing run,,s1
ARMS_RavMarina_RavM2_20210422_20210722,ARMS_RavMarina_RavM2_20210422_20210722_MF500_r1_s1,ERR12541456,ERR12541482,MiSeq (indices) / cutadapt (primers),none,none,none,none,discontinued,ERR12541358,ERR12541384,MiSeq (indices) / cutadapt (primers),none,ARMS_RAVM2_20210422-20210722_MF500_A,first sequencing run,,s1
ARMS_RavMarina_RavM2_20210422_20210722,ARMS_RavMarina_RavM2_20210422_20210722_SF40_r1_s1,ERR12541457,ERR12541482,MiSeq (indices) / cutadapt (primers),none,none,none,none,discontinued,ERR12541359,ERR12541384,MiSeq (indices) / cutadapt (primers),none,ARMS_RAVM2_20210422-20210722_SF40_A,first sequencing run,,s1
ARMS_RavMarina_RavM3_20210422_20210722,ARMS_RavMarina_RavM3_20210422_20210722_MF100_r1_s1,ERR12541458,ERR12541482,MiSeq (indices) / cutadapt (primers),none,none,none,none,discontinued,ERR12541360,ERR12541384,MiSeq (indices) / cutadapt (primers),none,ARMS_RAVM3_20210422-20210722_MF100_A,first sequencing run,,s1
ARMS_RavMarina_RavM3_20210422_20210722,ARMS_RavMarina_RavM3_20210422_20210722_MF500_r1_s1,ERR12541459,ERR12541482,MiSeq (indices) / cutadapt (primers),none,none,none,none,discontinued,ERR12541361,ERR12541384,MiSeq (indices) / cutadapt (primers),none,ARMS_RAVM3_20210422-20210722_MF500_A,first sequencing run,,s1
ARMS_RavMarina_RavM3_20210422_20210722,ARMS_RavMarina_RavM3_20210422_20210722_SF40_r1_s1,ERR12541460,ERR12541482,MiSeq (indices) / cutadapt (primers),none,none,none,none,discontinued,ERR12541362,ERR12541384,MiSeq (indices) / cutadapt (primers),none,ARMS_RAVM3_20210422-20210722_SF40_A,first sequencing run,,s1
ARMS_SWC_Bjorko1_20200131_20200518,ARMS_SWC_Bjorko1_20200131_20200518_MF100_r1_s1,ERR4914112,ERR4914160,MiSeq (indices) / cutadapt (primers),none,ERR4914170,ERR4914218,MiSeq (indices) / cutadapt (primers),none,ERR4914054,ERR4914102,MiSeq (indices) / cutadapt (primers),none,ARMS_SWC_Bjorko1_200131-200518_MF100,first sequencing run,,s1
ARMS_SWC_Bjorko1_20200131_20200518,ARMS_SWC_Bjorko1_20200131_20200518_MF500_r1_s1,ERR4914113,ERR4914160,MiSeq (indices) / cutadapt (primers),none,ERR4914171,ERR4914218,MiSeq (indices) / cutadapt (primers),none,ERR4914055,ERR4914102,MiSeq (indices) / cutadapt (primers),none,ARMS_SWC_Bjorko1_200131-200518_MF500,first sequencing run,,s1
ARMS_SWC_Bjorko1_20200131_20200518,ARMS_SWC_Bjorko1_20200131_20200518_SF40_r1_s1,ERR4914114,ERR4914160,MiSeq (indices) / cutadapt (primers),none,ERR4914172,ERR4914218,MiSeq (indices) / cutadapt (primers),none,ERR4914056,ERR4914102,MiSeq (indices) / cutadapt (primers),none,ARMS_SWC_Bjorko1_200131-200518_SF40,first sequencing run,,s1
ARMS_SWC_Gbg1_20200206_20200520,ARMS_SWC_Gbg1_20200206_20200520_MF100_r1_s1,ERR4914115,ERR4914160,MiSeq (indices) / cutadapt (primers),none,none,none,none,no successful amplification,ERR4914057,ERR4914102,MiSeq (indices) / cutadapt (primers),none,ARMS_SWC_Gbg1_200206-200520_MF100,first sequencing run,,s1
ARMS_SWC_Gbg1_20200206_20200520,ARMS_SWC_Gbg1_20200206_20200520_MF500_r1_s1,ERR4914116,ERR4914160,MiSeq (indices) / cutadapt (primers),none,ERR4914174,ERR4914218,MiSeq (indices) / cutadapt (primers),none,ERR4914058,ERR4914102,MiSeq (indices) / cutadapt (primers),none,ARMS_SWC_Gbg1_200206-200520_MF500,first sequencing run,,s1
ARMS_SWC_Gbg1_20200206_20200520,ARMS_SWC_Gbg1_20200206_20200520_SF40_r1_s1,ERR4914117,ERR4914160,MiSeq (indices) / cutadapt (primers),none,ERR4914175,ERR4914218,MiSeq (indices) / cutadapt (primers),none,ERR4914059,ERR4914102,MiSeq (indices) / cutadapt (primers),none,ARMS_SWC_Gbg1_200206-200520_SF40,first sequencing run,,s1
ARMS_SWC_Gbg2_20200206_20200520,ARMS_SWC_Gbg2_20200206_20200520_MF100_r1_s1,ERR4914118,ERR4914160,MiSeq (indices) / cutadapt (primers),none,ERR4914176,ERR4914218,MiSeq (indices) / cutadapt (primers),none,ERR4914060,ERR4914102,MiSeq (indices) / cutadapt (primers),none,ARMS_SWC_Gbg2_200206-200520_MF100,first sequencing run,,s1
ARMS_SWC_Gbg2_20200206_20200520,ARMS_SWC_Gbg2_20200206_20200520_MF500_r1_s1,ERR4914119,ERR4914160,MiSeq (indices) / cutadapt (primers),none,ERR4914177,ERR4914218,MiSeq (indices) / cutadapt (primers),none,ERR4914061,ERR4914102,MiSeq (indices) / cutadapt (primers),none,ARMS_SWC_Gbg2_200206-200520_MF500,first sequencing run,,s1
ARMS_SWC_Gbg2_20200206_20200520,ARMS_SWC_Gbg2_20200206_20200520_SF40_r1_s1,ERR4914120,ERR4914160,MiSeq (indices) / cutadapt (primers),none,ERR4914178,ERR4914218,MiSeq (indices) / cutadapt (primers),none,ERR4914062,ERR4914102,MiSeq (indices) / cutadapt (primers),none,ARMS_SWC_Gbg2_200206-200520_SF40,first sequencing run,,s1
ARMS_SWC_Gbg3_20200206_20200529,ARMS_SWC_Gbg3_20200206_20200529_MF100_r1_s1,ERR4914121,ERR4914160,MiSeq (indices) / cutadapt (primers),none,ERR4914179,ERR4914218,MiSeq (indices) / cutadapt (primers),none,ERR4914063,ERR4914102,MiSeq (indices) / cutadapt (primers),none,ARMS_SWC_Gbg3_200206-200529_MF100,first sequencing run,,s1
ARMS_SWC_Gbg3_20200206_20200529,ARMS_SWC_Gbg3_20200206_20200529_MF500_r1_s1,ERR4914122,ERR4914160,MiSeq (indices) / cutadapt (primers),none,ERR4914180,ERR4914218,MiSeq (indices) / cutadapt (primers),none,ERR4914064,ERR4914102,MiSeq (indices) / cutadapt (primers),none,ARMS_SWC_Gbg3_200206-200529_MF500,first sequencing run,,s1
ARMS_SWC_Gbg3_20200206_20200529,ARMS_SWC_Gbg3_20200206_20200529_SF40_r1_s1,ERR4914123,ERR4914160,MiSeq (indices) / cutadapt (primers),none,ERR4914181,ERR4914218,MiSeq (indices) / cutadapt (primers),none,ERR4914065,ERR4914102,MiSeq (indices) / cutadapt (primers),none,ARMS_SWC_Gbg3_200206-200529_SF40,first sequencing run,,s1
ARMS_SWC_Gbg4_20200206_20200529,ARMS_SWC_Gbg4_20200206_20200529_MF100_r1_s1,ERR4914124,ERR4914160,MiSeq (indices) / cutadapt (primers),none,ERR4914182,ERR4914218,MiSeq (indices) / cutadapt (primers),none,ERR4914066,ERR4914102,MiSeq (indices) / cutadapt (primers),none,ARMS_SWC_Gbg4_200206-200529_MF100,first sequencing run,,s1
ARMS_SWC_Gbg4_20200206_20200529,ARMS_SWC_Gbg4_20200206_20200529_MF500_r1_s1,ERR4914125,ERR4914160,MiSeq (indices) / cutadapt (primers),none,ERR4914183,ERR4914218,MiSeq (indices) / cutadapt (primers),none,ERR4914067,ERR4914102,MiSeq (indices) / cutadapt (primers),none,ARMS_SWC_Gbg4_200206-200529_MF500,first sequencing run,,s1
ARMS_SWC_Gbg4_20200206_20200529,ARMS_SWC_Gbg4_20200206_20200529_SF40_r1_s1,ERR4914126,ERR4914160,MiSeq (indices) / cutadapt (primers),none,ERR4914184,ERR4914218,MiSeq (indices) / cutadapt (primers),none,ERR4914068,ERR4914102,MiSeq (indices) / cutadapt (primers),none,ARMS_SWC_Gbg4_200206-200529_SF40,first sequencing run,,s1
ARMS_SWC_Helsingborg1_20200305_20200604,ARMS_SWC_Helsingborg1_20200305_20200604_MF100_r1_s1,ERR4914127,ERR4914160,MiSeq (indices) / cutadapt (primers),none,ERR4914185,ERR4914218,MiSeq (indices) / cutadapt (primers),none,ERR4914069,ERR4914102,MiSeq (indices) / cutadapt (primers),none,ARMS_SWC_Helsingborg1_200305-200604_MF100,first sequencing run,,s1
ARMS_SWC_Helsingborg1_20200305_20200604,ARMS_SWC_Helsingborg1_20200305_20200604_MF500_r1_s1,ERR4914128,ERR4914160,MiSeq (indices) / cutadapt (primers),none,ERR4914186,ERR4914218,MiSeq (indices) / cutadapt (primers),none,ERR4914070,ERR4914102,MiSeq (indices) / cutadapt (primers),none,ARMS_SWC_Helsingborg1_200305-200604_MF500,first sequencing run,,s1
ARMS_SWC_Helsingborg1_20200305_20200604,ARMS_SWC_Helsingborg1_20200305_20200604_SF40_r1_s1,ERR4914129,ERR4914160,MiSeq (indices) / cutadapt (primers),none,ERR4914187,ERR4914218,MiSeq (indices) / cutadapt (primers),none,ERR4914071,ERR4914102,MiSeq (indices) / cutadapt (primers),none,ARMS_SWC_Helsingborg1_200305-200604_SF40,first sequencing run,,s1
ARMS_SWC_Helsingborg2_20200305_20200604,ARMS_SWC_Helsingborg2_20200305_20200604_MF100_r1_s1,ERR4914130,ERR4914160,MiSeq (indices) / cutadapt (primers),none,ERR4914188,ERR4914218,MiSeq (indices) / cutadapt (primers),none,ERR4914072,ERR4914102,MiSeq (indices) / cutadapt (primers),none,ARMS_SWC_Helsingborg2_200305-200604_MF100,first sequencing run,,s1
ARMS_SWC_Helsingborg2_20200305_20200604,ARMS_SWC_Helsingborg2_20200305_20200604_MF500_r1_s1,ERR4914131,ERR4914160,MiSeq (indices) / cutadapt (primers),none,ERR4914189,ERR4914218,MiSeq (indices) / cutadapt (primers),none,ERR4914073,ERR4914102,MiSeq (indices) / cutadapt (primers),none,ARMS_SWC_Helsingborg2_200305-200604_MF500,first sequencing run,,s1
ARMS_SWC_Helsingborg2_20200305_20200604,ARMS_SWC_Helsingborg2_20200305_20200604_SF40_r1_s1,ERR4914132,ERR4914160,MiSeq (indices) / cutadapt (primers),none,ERR4914190,ERR4914218,MiSeq (indices) / cutadapt (primers),none,ERR4914074,ERR4914102,MiSeq (indices) / cutadapt (primers),none,ARMS_SWC_Helsingborg2_200305-200604_SF40,first sequencing run,,s1
ARMS_SWC_Hjuvik1_20200131_20200518,ARMS_SWC_Hjuvik1_20200131_20200518_MF100_r1_s1,ERR4914133,ERR4914160,MiSeq (indices) / cutadapt (primers),none,ERR4914191,ERR4914218,MiSeq (indices) / cutadapt (primers),none,ERR4914075,ERR4914102,MiSeq (indices) / cutadapt (primers),none,ARMS_SWC_Hjuvik1_200131-200518_MF100,first sequencing run,,s1
ARMS_SWC_Hjuvik1_20200131_20200518,ARMS_SWC_Hjuvik1_20200131_20200518_MF500_r1_s1,ERR4914134,ERR4914160,MiSeq (indices) / cutadapt (primers),none,ERR4914192,ERR4914218,MiSeq (indices) / cutadapt (primers),none,ERR4914076,ERR4914102,MiSeq (indices) / cutadapt (primers),none,ARMS_SWC_Hjuvik1_200131-200518_MF500,first sequencing run,,s1
ARMS_SWC_Hjuvik1_20200131_20200518,ARMS_SWC_Hjuvik1_20200131_20200518_SF40_r1_s1,ERR4914135,ERR4914160,MiSeq (indices) / cutadapt (primers),none,ERR4914193,ERR4914218,MiSeq (indices) / cutadapt (primers),none,ERR4914077,ERR4914102,MiSeq (indices) / cutadapt (primers),none,ARMS_SWC_Hjuvik1_200131-200518_SF40,first sequencing run,,s1
ARMS_SWC_Marstrand1_20200228_20200527,ARMS_SWC_Marstrand1_20200228_20200527_MF100_r1_s1,ERR4914136,ERR4914160,MiSeq (indices) / cutadapt (primers),none,ERR4914194,ERR4914218,MiSeq (indices) / cutadapt (primers),none,ERR4914078,ERR4914102,MiSeq (indices) / cutadapt (primers),none,ARMS_SWC_Marstrand1_200228-200527_MF100,first sequencing run,,s1
ARMS_SWC_Marstrand1_20200228_20200527,ARMS_SWC_Marstrand1_20200228_20200527_MF500_r1_s1,ERR4914137,ERR4914160,MiSeq (indices) / cutadapt (primers),none,ERR4914195,ERR4914218,MiSeq (indices) / cutadapt (primers),none,ERR4914079,ERR4914102,MiSeq (indices) / cutadapt (primers),none,ARMS_SWC_Marstrand1_200228-200527_MF500,first sequencing run,,s1
ARMS_SWC_Marstrand1_20200228_20200527,ARMS_SWC_Marstrand1_20200228_20200527_SF40_r1_s1,ERR4914138,ERR4914160,MiSeq (indices) / cutadapt (primers),none,ERR4914196,ERR4914218,MiSeq (indices) / cutadapt (primers),none,ERR4914080,ERR4914102,MiSeq (indices) / cutadapt (primers),none,ARMS_SWC_Marstrand1_200228-200527_SF40,first sequencing run,,s1
ARMS_SWC_Marstrand2_20200228_20200527,ARMS_SWC_Marstrand2_20200228_20200527_MF100_r1_s1,ERR4914139,ERR4914160,MiSeq (indices) / cutadapt (primers),none,ERR4914197,ERR4914218,MiSeq (indices) / cutadapt (primers),none,ERR4914081,ERR4914102,MiSeq (indices) / cutadapt (primers),none,ARMS_SWC_Marstrand2_200228-200527_MF100,first sequencing run,,s1
ARMS_SWC_Marstrand2_20200228_20200527,ARMS_SWC_Marstrand2_20200228_20200527_MF500_r1_s1,ERR4914140,ERR4914160,MiSeq (indices) / cutadapt (primers),none,ERR4914198,ERR4914218,MiSeq (indices) / cutadapt (primers),none,ERR4914082,ERR4914102,MiSeq (indices) / cutadapt (primers),none,ARMS_SWC_Marstrand2_200228-200527_MF500,first sequencing run,,s1
ARMS_SWC_Marstrand2_20200228_20200527,ARMS_SWC_Marstrand2_20200228_20200527_SF40_r1_s1,ERR4914141,ERR4914160,MiSeq (indices) / cutadapt (primers),none,ERR4914199,ERR4914218,MiSeq (indices) / cutadapt (primers),none,ERR4914083,ERR4914102,MiSeq (indices) / cutadapt (primers),none,ARMS_SWC_Marstrand2_200228-200527_SF40,first sequencing run,,s1
ARMS_SWC_Marstrand3_20200228_20200527,ARMS_SWC_Marstrand3_20200228_20200527_MF100_r1_s1,ERR4914142,ERR4914160,MiSeq (indices) / cutadapt (primers),none,ERR4914200,ERR4914218,MiSeq (indices) / cutadapt (primers),none,ERR4914084,ERR4914102,MiSeq (indices) / cutadapt (primers),none,ARMS_SWC_Marstrand3_200228-200527_MF100,first sequencing run,,s1
ARMS_SWC_Marstrand3_20200228_20200527,ARMS_SWC_Marstrand3_20200228_20200527_MF500_r1_s1,ERR4914143,ERR4914160,MiSeq (indices) / cutadapt (primers),none,ERR4914201,ERR4914218,MiSeq (indices) / cutadapt (primers),none,ERR4914085,ERR4914102,MiSeq (indices) / cutadapt (primers),none,ARMS_SWC_Marstrand3_200228-200527_MF500,first sequencing run,,s1
ARMS_SWC_Marstrand3_20200228_20200527,ARMS_SWC_Marstrand3_20200228_20200527_SF40_r1_s1,ERR4914144,ERR4914160,MiSeq (indices) / cutadapt (primers),none,ERR4914202,ERR4914218,MiSeq (indices) / cutadapt (primers),none,ERR4914086,ERR4914102,MiSeq (indices) / cutadapt (primers),none,ARMS_SWC_Marstrand3_200228-200527_SF40,first sequencing run,,s1
ARMS_SWC_Preemraff1_20200401_20200715,ARMS_SWC_Preemraff1_20200401_20200715_MF100_r1_s1,ERR4914154,ERR4914160,MiSeq (indices) / cutadapt (primers),none,ERR4914212,ERR4914218,MiSeq (indices) / cutadapt (primers),none,ERR4914096,ERR4914102,MiSeq (indices) / cutadapt (primers),none,ARMS_SWC_Preemraff1_200401-200715_MF100,first sequencing run,,s1
ARMS_SWC_Preemraff1_20200401_20200715,ARMS_SWC_Preemraff1_20200401_20200715_MF500_r1_s1,ERR4914155,ERR4914160,MiSeq (indices) / cutadapt (primers),none,ERR4914213,ERR4914218,MiSeq (indices) / cutadapt (primers),none,ERR4914097,ERR4914102,MiSeq (indices) / cutadapt (primers),none,ARMS_SWC_Preemraff1_200401-200715_MF500,first sequencing run,,s1
ARMS_SWC_Preemraff1_20200401_20200715,ARMS_SWC_Preemraff1_20200401_20200715_SF40_r1_s1,ERR4914156,ERR4914160,MiSeq (indices) / cutadapt (primers),none,ERR4914214,ERR4914218,MiSeq (indices) / cutadapt (primers),none,ERR4914098,ERR4914102,MiSeq (indices) / cutadapt (primers),none,ARMS_SWC_Preemraff1_200401-200715_SF40,first sequencing run,,s1
ARMS_SWC_Preemraff2_20200401_20200715,ARMS_SWC_Preemraff2_20200401_20200715_MF100_r1_s1,ERR4914157,ERR4914160,MiSeq (indices) / cutadapt (primers),none,ERR4914215,ERR4914218,MiSeq (indices) / cutadapt (primers),none,ERR4914099,ERR4914102,MiSeq (indices) / cutadapt (primers),none,ARMS_SWC_Preemraff2_200401-200715_MF100,first sequencing run,,s1
ARMS_SWC_Preemraff2_20200401_20200715,ARMS_SWC_Preemraff2_20200401_20200715_MF500_r1_s1,ERR4914158,ERR4914160,MiSeq (indices) / cutadapt (primers),none,ERR4914216,ERR4914218,MiSeq (indices) / cutadapt (primers),none,ERR4914100,ERR4914102,MiSeq (indices) / cutadapt (primers),none,ARMS_SWC_Preemraff2_200401-200715_MF500,first sequencing run,,s1
ARMS_SWC_Preemraff2_20200401_20200715,ARMS_SWC_Preemraff2_20200401_20200715_SF40_r1_s1,ERR4914159,ERR4914160,MiSeq (indices) / cutadapt (primers),none,ERR4914217,ERR4914218,MiSeq (indices) / cutadapt (primers),none,ERR4914101,ERR4914102,MiSeq (indices) / cutadapt (primers),none,ARMS_SWC_Preemraff2_200401-200715_SF40,first sequencing run,,s1
ARMS_SWC_Varberg1_20200213_20200603,ARMS_SWC_Varberg1_20200213_20200603_MF100_r1_s1,ERR4914145,ERR4914160,MiSeq (indices) / cutadapt (primers),none,ERR4914203,ERR4914218,MiSeq (indices) / cutadapt (primers),none,ERR4914087,ERR4914102,MiSeq (indices) / cutadapt (primers),none,ARMS_SWC_Varberg1_200213-200603_MF100,first sequencing run,,s1
ARMS_SWC_Varberg1_20200213_20200603,ARMS_SWC_Varberg1_20200213_20200603_MF500_r1_s1,ERR4914146,ERR4914160,MiSeq (indices) / cutadapt (primers),none,ERR4914204,ERR4914218,MiSeq (indices) / cutadapt (primers),none,ERR4914088,ERR4914102,MiSeq (indices) / cutadapt (primers),none,ARMS_SWC_Varberg1_200213-200603_MF500,first sequencing run,,s1
ARMS_SWC_Varberg1_20200213_20200603,ARMS_SWC_Varberg1_20200213_20200603_SF40_r1_s1,ERR4914147,ERR4914160,MiSeq (indices) / cutadapt (primers),none,ERR4914205,ERR4914218,MiSeq (indices) / cutadapt (primers),none,ERR4914089,ERR4914102,MiSeq (indices) / cutadapt (primers),none,ARMS_SWC_Varberg1_200213-200603_SF40,first sequencing run,,s1
ARMS_SWC_Varberg2_20200213_20200603,ARMS_SWC_Varberg2_20200213_20200603_MF100_r1_s1,ERR4914148,ERR4914160,MiSeq (indices) / cutadapt (primers),none,ERR4914206,ERR4914218,MiSeq (indices) / cutadapt (primers),none,ERR4914090,ERR4914102,MiSeq (indices) / cutadapt (primers),none,ARMS_SWC_Varberg2_200213-200603_MF100,first sequencing run,,s1
ARMS_SWC_Varberg2_20200213_20200603,ARMS_SWC_Varberg2_20200213_20200603_MF500_r1_s1,ERR4914149,ERR4914160,MiSeq (indices) / cutadapt (primers),none,ERR4914207,ERR4914218,MiSeq (indices) / cutadapt (primers),none,ERR4914091,ERR4914102,MiSeq (indices) / cutadapt (primers),none,ARMS_SWC_Varberg2_200213-200603_MF500,first sequencing run,,s1
ARMS_SWC_Varberg2_20200213_20200603,ARMS_SWC_Varberg2_20200213_20200603_SF40_r1_s1,ERR4914150,ERR4914160,MiSeq (indices) / cutadapt (primers),none,ERR4914208,ERR4914218,MiSeq (indices) / cutadapt (primers),none,ERR4914092,ERR4914102,MiSeq (indices) / cutadapt (primers),none,ARMS_SWC_Varberg2_200213-200603_SF40,first sequencing run,,s1
ARMS_SWC_Varberg3_20200213_20200603,ARMS_SWC_Varberg3_20200213_20200603_MF100_r1_s1,ERR4914151,ERR4914160,MiSeq (indices) / cutadapt (primers),none,ERR4914209,ERR4914218,MiSeq (indices) / cutadapt (primers),none,ERR4914093,ERR4914102,MiSeq (indices) / cutadapt (primers),none,ARMS_SWC_Varberg3_200213-200603_MF100,first sequencing run,,s1
ARMS_SWC_Varberg3_20200213_20200603,ARMS_SWC_Varberg3_20200213_20200603_MF500_r1_s1,ERR4914152,ERR4914160,MiSeq (indices) / cutadapt (primers),none,ERR4914210,ERR4914218,MiSeq (indices) / cutadapt (primers),none,ERR4914094,ERR4914102,MiSeq (indices) / cutadapt (primers),none,ARMS_SWC_Varberg3_200213-200603_MF500,first sequencing run,,s1
ARMS_SWC_Varberg3_20200213_20200603,ARMS_SWC_Varberg3_20200213_20200603_SF40_r1_s1,ERR4914153,ERR4914160,MiSeq (indices) / cutadapt (primers),none,ERR4914211,ERR4914218,MiSeq (indices) / cutadapt (primers),none,ERR4914095,ERR4914102,MiSeq (indices) / cutadapt (primers),none,ARMS_SWC_Varberg3_200213-200603_SF40,first sequencing run,,s1
ARMS_TZS_Angbat_20200608_20201117,ARMS_TZS_Angbat_20200608_20201117_MF100_ETOH_r1_s1,ERR7125501,ERR7125534,MiSeq (indices) / cutadapt (primers),none,ERR7125502,ERR7125535,MiSeq (indices) / cutadapt (primers),none,ERR7125500,ERR7125533,MiSeq (indices) / cutadapt (primers),none,ARMS_TZS_ANG_200608-201117_MF100_ETOH,first sequencing run,,s1
ARMS_TZS_Angbat_20200608_20201117,ARMS_TZS_Angbat_20200608_20201117_MF500_ETOH_r1_s1,ERR7125504,ERR7125534,MiSeq (indices) / cutadapt (primers),none,ERR7125505,ERR7125535,MiSeq (indices) / cutadapt (primers),none,ERR7125503,ERR7125533,MiSeq (indices) / cutadapt (primers),none,ARMS_TZS_ANG_200608-201117_MF500_ETOH,first sequencing run,,s1
ARMS_TZS_Angbat_20200608_20201117,ARMS_TZS_Angbat_20200608_20201117_SF40_ETOH_r1_s1,ERR7125507,ERR7125534,MiSeq (indices) / cutadapt (primers),none,ERR7125508,ERR7125535,MiSeq (indices) / cutadapt (primers),none,ERR7125506,ERR7125533,MiSeq (indices) / cutadapt (primers),none,ARMS_TZS_ANG_200608-201117_SF40_ETOH_A,first sequencing run,,s1
ARMS_TZS_Kummelkobben_20200608_20201120,ARMS_TZS_Kummelkobben_20200608_20201120_MF100_ETOH_r1_s1,ERR7125510,ERR7125534,MiSeq (indices) / cutadapt (primers),none,ERR7125511,ERR7125535,MiSeq (indices) / cutadapt (primers),none,ERR7125509,ERR7125533,MiSeq (indices) / cutadapt (primers),none,ARMS_TZS_KUMM_200608-201120_MF100_ETOH,first sequencing run,,s1
ARMS_TZS_Kummelkobben_20200608_20201120,ARMS_TZS_Kummelkobben_20200608_20201120_MF500_ETOH_r1_s1,ERR7125513,ERR7125534,MiSeq (indices) / cutadapt (primers),none,ERR7125514,ERR7125535,MiSeq (indices) / cutadapt (primers),none,ERR7125512,ERR7125533,MiSeq (indices) / cutadapt (primers),none,ARMS_TZS_KUMM_200608-201120_MF500_ETOH,first sequencing run,,s1
ARMS_TZS_Kummelkobben_20200608_20201120,ARMS_TZS_Kummelkobben_20200608_20201120_SF40_ETOH_r1_s1,ERR7125516,ERR7125534,MiSeq (indices) / cutadapt (primers),none,ERR7125517,ERR7125535,MiSeq (indices) / cutadapt (primers),none,ERR7125515,ERR7125533,MiSeq (indices) / cutadapt (primers),none,ARMS_TZS_KUMM_200608-201120_SF40_ETOH_A,first sequencing run,,s1
ARMS_TZS_Spikarna_20200608_20201118,ARMS_TZS_Spikarna_20200608_20201118_MF100_ETOH_r1_s1,ERR12541461,ERR12541482,MiSeq (indices) / cutadapt (primers),none,none,none,none,discontinued,ERR12541363,ERR12541384,MiSeq (indices) / cutadapt (primers),none,ARMS_TZS_SPIK_200608-201119_MF100_ETOH,first sequencing run,,s1
ARMS_TZS_Spikarna_20200608_20201118,ARMS_TZS_Spikarna_20200608_20201118_MF500_ETOH_r1_s1,ERR12541462,ERR12541482,MiSeq (indices) / cutadapt (primers),none,none,none,none,discontinued,ERR12541364,ERR12541384,MiSeq (indices) / cutadapt (primers),none,ARMS_TZS_SPIK_200608-201119_MF500_ETOH,first sequencing run,,s1
ARMS_TZS_Spikarna_20200608_20201118,ARMS_TZS_Spikarna_20200608_20201118_SF40_ETOH_r1_s1,ERR12541463,ERR12541482,MiSeq (indices) / cutadapt (primers),none,none,none,none,discontinued,ERR12541365,ERR12541384,MiSeq (indices) / cutadapt (primers),none,ARMS_TZS_SPIK_200608-201119_SF40_ETOH_A,first sequencing run,,s1
ARMS_Vigo_TorallaA_20200706_20201006,ARMS_Vigo_TorallaA_20200706_20201006_MF500_r1_s1,ERR12541464,ERR12541482,MiSeq (indices) / cutadapt (primers),none,none,none,none,discontinued,ERR12541366,ERR12541384,MiSeq (indices) / cutadapt (primers),none,2020_Toralla_JTBL_1,first sequencing run,,s1
ARMS_Vigo_TorallaA_20200706_20201006,ARMS_Vigo_TorallaA_20200706_20201006_SF40_r1_s1,ERR12541465,ERR12541482,MiSeq (indices) / cutadapt (primers),none,none,none,none,discontinued,ERR12541367,ERR12541384,MiSeq (indices) / cutadapt (primers),none,2020_Toralla_JTBL_1,first sequencing run,,s1
ARMS_Vigo_TorallaB_20200706_20201006,ARMS_Vigo_TorallaB_20200706_20201006_MF100_r1_s1,ERR12541466,ERR12541482,MiSeq (indices) / cutadapt (primers),no successful amplification & unsuccessful sequencing: no OTUs/ASVs,none,none,none,discontinued,ERR12541368,ERR12541384,MiSeq (indices) / cutadapt (primers),none,2020_Toralla_JTBL_2,first sequencing run,,s1
ARMS_Vigo_TorallaB_20200706_20201006,ARMS_Vigo_TorallaB_20200706_20201006_MF500_r1_s1,ERR12541467,ERR12541482,MiSeq (indices) / cutadapt (primers),none,none,none,none,discontinued,ERR12541369,ERR12541384,MiSeq (indices) / cutadapt (primers),none,2020_Toralla_JTBL_2,first sequencing run,,s1
ARMS_Vigo_TorallaB_20200706_20201006,ARMS_Vigo_TorallaB_20200706_20201006_SF40_r1_s1,ERR12541468,ERR12541482,MiSeq (indices) / cutadapt (primers),none,none,none,none,discontinued,ERR12541370,ERR12541384,MiSeq (indices) / cutadapt (primers),none,2020_Toralla_JTBL_2,first sequencing run,,s1
ARMS_Vigo_TorallaC_20200706_20201006,ARMS_Vigo_TorallaC_20200706_20201006_MF500_r1_s1,ERR12541469,ERR12541482,MiSeq (indices) / cutadapt (primers),none,none,none,none,discontinued,ERR12541371,ERR12541384,MiSeq (indices) / cutadapt (primers),none,2020_Toralla_JTBL_3,first sequencing run,,s1
ARMS_Vigo_TorallaC_20200706_20201006,ARMS_Vigo_TorallaC_20200706_20201006_SF40_r1_s1,ERR12541470,ERR12541482,MiSeq (indices) / cutadapt (primers),none,none,none,none,discontinued,ERR12541372,ERR12541384,MiSeq (indices) / cutadapt (primers),none,2020_Toralla_JTBL_3,first sequencing run,,s1
